user_id,test_name,test_group
-5dabb4f564d,new_tutorial_test,A
9d335_2101b0,new_tutorial_test,A
29_1_-d06009,new_tutorial_test,A
4-11cdb_323_,new_tutorial_test,A
09a-1df--3-8,new_tutorial_test,A
-07c7da56aab,new_tutorial_test,A
a_03c405fc_7,new_tutorial_test,A
1-8_fab40d7c,new_tutorial_test,A
dc1c9b64_fc0,new_tutorial_test,A
4b20-6f3-bb5,new_tutorial_test,A
_470d83d07a_,new_tutorial_test,A
7756a1_52bc9,new_tutorial_test,A
c0cd90bd6fd8,new_tutorial_test,A
54bf7c1_b2dd,new_tutorial_test,A
9b2af2-dd9b-,new_tutorial_test,A
18703d_fd0f4,new_tutorial_test,A
36adf33_84_b,new_tutorial_test,A
b02f978b202_,new_tutorial_test,A
b1c1761b36b7,new_tutorial_test,A
a3737ab92_9_,new_tutorial_test,A
a09cb095-b74,new_tutorial_test,A
b_1d636_18f9,new_tutorial_test,A
f78861146b00,new_tutorial_test,A
f6-70172-56_,new_tutorial_test,A
bf0ad-b8_f9f,new_tutorial_test,A
9cb_d9-41a86,new_tutorial_test,A
6c7f595b4-6d,new_tutorial_test,A
92a9__ac3295,new_tutorial_test,A
710727dc4c_8,new_tutorial_test,A
5ba92-686af1,new_tutorial_test,A
857bc-3c_238,new_tutorial_test,A
-9b83a-8d-_d,new_tutorial_test,A
d8fc4ca_2bd8,new_tutorial_test,A
61-c15315249,new_tutorial_test,A
8_d08570_99c,new_tutorial_test,A
a1b5629c2-f3,new_tutorial_test,A
96606f0d5-0c,new_tutorial_test,A
c34694_93_c-,new_tutorial_test,A
f6105b--9743,new_tutorial_test,A
24281d2cc98-,new_tutorial_test,A
28-a5d714ad5,new_tutorial_test,A
d781094232b6,new_tutorial_test,A
_d46315-2891,new_tutorial_test,A
09c60834d2-2,new_tutorial_test,A
ca558f2caa30,new_tutorial_test,A
bd054f869344,new_tutorial_test,A
7fbb0bd31f50,new_tutorial_test,A
da-93f0d-874,new_tutorial_test,A
1-dc7a-a7a79,new_tutorial_test,A
3f-884536_ac,new_tutorial_test,A
2999b872db90,new_tutorial_test,A
4fb8f52b40b8,new_tutorial_test,A
4-4b0_dc0_c0,new_tutorial_test,A
c1f-61dda67a,new_tutorial_test,A
17d8204-8ca-,new_tutorial_test,A
622_86c_46a0,new_tutorial_test,A
9ff19d3ffb_1,new_tutorial_test,A
_-8f0d4cf27b,new_tutorial_test,A
9533f95-3b08,new_tutorial_test,A
1_410129-434,new_tutorial_test,A
4510742-4384,new_tutorial_test,A
-798-51fb265,new_tutorial_test,A
ac77d-3c2-3_,new_tutorial_test,A
b60d8ab64138,new_tutorial_test,A
c8ad6a0856a0,new_tutorial_test,A
890072779354,new_tutorial_test,A
6f43b-9b04c_,new_tutorial_test,A
--9d5c6-c83f,new_tutorial_test,A
bbd74b8c8186,new_tutorial_test,A
a1fda7f1b66b,new_tutorial_test,A
-c-1_02f5493,new_tutorial_test,A
9a69da-3_19c,new_tutorial_test,A
40f4_7a_a81b,new_tutorial_test,A
9a49-68b3d82,new_tutorial_test,A
789-d8ddf4bd,new_tutorial_test,A
_a_887-af0ca,new_tutorial_test,A
c20f495c36df,new_tutorial_test,A
8-5854f709-b,new_tutorial_test,A
46f91a82c2-3,new_tutorial_test,A
_32f80d6c8-9,new_tutorial_test,A
6c819-72bb89,new_tutorial_test,A
22ac3302c7c8,new_tutorial_test,A
9-f_4376d780,new_tutorial_test,A
c27b5_826dc2,new_tutorial_test,A
6d1b82-_8f99,new_tutorial_test,A
a0-1ddf1-708,new_tutorial_test,A
_a-f0-8f3cb2,new_tutorial_test,A
a-843ca0d004,new_tutorial_test,A
3f2c49a84c36,new_tutorial_test,A
f7d2b84f7d48,new_tutorial_test,A
7779_574_603,new_tutorial_test,A
c-38ac2d5--5,new_tutorial_test,A
c4af1a267125,new_tutorial_test,A
a96f43a1c2_5,new_tutorial_test,A
7090c1b_54-a,new_tutorial_test,A
46d-1726b636,new_tutorial_test,A
b3886d883807,new_tutorial_test,A
fab6b-972fb5,new_tutorial_test,A
83470219_38-,new_tutorial_test,A
67876645c_85,new_tutorial_test,A
511495036746,new_tutorial_test,A
_85d910fafb6,new_tutorial_test,A
2672916d8cba,new_tutorial_test,A
c90cf-350-92,new_tutorial_test,A
4c7b86bb5d5d,new_tutorial_test,A
9531396-9d16,new_tutorial_test,A
02dfc_692df-,new_tutorial_test,A
02d1fa40_b2a,new_tutorial_test,A
0-0-31888f3c,new_tutorial_test,A
6-691cb659da,new_tutorial_test,A
8c89fc532f77,new_tutorial_test,A
3c0c8c7dff4_,new_tutorial_test,A
d-0-f549_-b-,new_tutorial_test,A
b1dd3a1c-99b,new_tutorial_test,A
07c0a017b201,new_tutorial_test,A
3-22-_180668,new_tutorial_test,A
745178dcc_00,new_tutorial_test,A
443afcdca4cc,new_tutorial_test,A
204_61d1a33-,new_tutorial_test,A
b--1_1-35aff,new_tutorial_test,A
-3b298_896d2,new_tutorial_test,A
_-713275f10d,new_tutorial_test,A
_727a4568cb6,new_tutorial_test,A
820c242d657f,new_tutorial_test,A
38c83c07d66c,new_tutorial_test,A
d8b3_880_63f,new_tutorial_test,A
d3a_787cff59,new_tutorial_test,A
-44241cfd47a,new_tutorial_test,A
1a2-2ba29d-4,new_tutorial_test,A
18-712ff8555,new_tutorial_test,A
f228b686d2d-,new_tutorial_test,A
51-2f7_7_08a,new_tutorial_test,A
c7cbb7a79083,new_tutorial_test,A
c5da324_b_7_,new_tutorial_test,A
3856a4-50b62,new_tutorial_test,A
d00a170370ac,new_tutorial_test,A
d06324b97176,new_tutorial_test,A
90b3bf-2-a_1,new_tutorial_test,A
d184f8cb24f0,new_tutorial_test,A
4a6b998cf0dd,new_tutorial_test,A
431_a79b1923,new_tutorial_test,A
4_7ad81c0c50,new_tutorial_test,A
5077d-b0b-34,new_tutorial_test,A
84f15c43cffd,new_tutorial_test,A
93514-4d609c,new_tutorial_test,A
7_5ad_4f-67b,new_tutorial_test,A
9b39fbadaa60,new_tutorial_test,A
dbc943_c0151,new_tutorial_test,A
4825bc4_-6af,new_tutorial_test,A
-_a259c--c-_,new_tutorial_test,A
09__b987ac41,new_tutorial_test,A
bb37_4a0f8f0,new_tutorial_test,A
5105c_ac548d,new_tutorial_test,A
f26aa305bf-d,new_tutorial_test,A
58fd_26_2-70,new_tutorial_test,A
2-6a_852_8ac,new_tutorial_test,A
a32a309_ba9d,new_tutorial_test,A
484545687__a,new_tutorial_test,A
5b-_39d9b1f8,new_tutorial_test,A
1_0515-5850b,new_tutorial_test,A
986-aad477cc,new_tutorial_test,A
--98dbca4a-a,new_tutorial_test,A
6136745132_9,new_tutorial_test,A
8f79544fc4c-,new_tutorial_test,A
10005_dba1_b,new_tutorial_test,A
5d-4bc_41bd2,new_tutorial_test,A
5f3827285632,new_tutorial_test,A
6_5-830-6fda,new_tutorial_test,A
616a67643ba0,new_tutorial_test,A
087f11d5842b,new_tutorial_test,A
5_f2cf26bdba,new_tutorial_test,A
4158a6a34-5d,new_tutorial_test,A
59f551da9883,new_tutorial_test,A
c-cb_9c7c708,new_tutorial_test,A
_72_557b17a9,new_tutorial_test,A
c72--7100ccc,new_tutorial_test,A
752982dd67ac,new_tutorial_test,A
38_6a338822_,new_tutorial_test,A
dcb6a7865037,new_tutorial_test,A
4742187d14_4,new_tutorial_test,A
af1c843-c36-,new_tutorial_test,A
95fa99027a2-,new_tutorial_test,A
6c-4_0d64cb7,new_tutorial_test,A
2d04-5b3114f,new_tutorial_test,A
-5226--9b_db,new_tutorial_test,A
-d-0d_c765-f,new_tutorial_test,A
14c-95-49cc7,new_tutorial_test,A
b54_d020b523,new_tutorial_test,A
96a11b91c-0b,new_tutorial_test,A
36ddf765787-,new_tutorial_test,A
__a670bf_b20,new_tutorial_test,A
__5f_fcb316b,new_tutorial_test,A
9162509a0823,new_tutorial_test,A
7_1d4d572c80,new_tutorial_test,A
38a6f2_601b3,new_tutorial_test,A
54158f5bf-28,new_tutorial_test,A
d002ca26872c,new_tutorial_test,A
ff-51bc6ca-5,new_tutorial_test,A
b_12f371-b6a,new_tutorial_test,A
8771d95fdda3,new_tutorial_test,A
17a8953-8450,new_tutorial_test,A
7955da29f2bf,new_tutorial_test,A
c3ac1cbd6d82,new_tutorial_test,A
d9d-b3f13_b7,new_tutorial_test,A
aa3f8bb05278,new_tutorial_test,A
774463581280,new_tutorial_test,A
71f_-94cd1d0,new_tutorial_test,A
3940400c-27b,new_tutorial_test,A
b-0_5928-ca7,new_tutorial_test,A
41aa19dddb51,new_tutorial_test,A
472cdccf1-80,new_tutorial_test,A
f39d38f671b7,new_tutorial_test,A
b432_c5_6725,new_tutorial_test,A
c78cf0_07-4c,new_tutorial_test,A
ff106-3ba077,new_tutorial_test,A
9a4bf691f7b4,new_tutorial_test,A
c236131fb0-a,new_tutorial_test,A
b997f69ddd_3,new_tutorial_test,A
00096b_193a5,new_tutorial_test,A
f61b-23c9771,new_tutorial_test,A
93c2c345d79_,new_tutorial_test,A
a96276d170d5,new_tutorial_test,A
3d03-a-d66_-,new_tutorial_test,A
1a0716388784,new_tutorial_test,A
77c38cc9-1a_,new_tutorial_test,A
fa373b8a8855,new_tutorial_test,A
c2cd1-655dd5,new_tutorial_test,A
f55a641b31bc,new_tutorial_test,A
fa-a6492c_f5,new_tutorial_test,A
0b43f9-5bd53,new_tutorial_test,A
468a637_5db6,new_tutorial_test,A
_8c_f_dd_0a0,new_tutorial_test,A
f777b97-cd79,new_tutorial_test,A
fb2fc2582791,new_tutorial_test,A
d81143c2c_65,new_tutorial_test,A
7802af7f3c1_,new_tutorial_test,A
81aad41f45bc,new_tutorial_test,A
af6090faf7_d,new_tutorial_test,A
b3207a881-68,new_tutorial_test,A
7a34-9_14c44,new_tutorial_test,A
f68--d1-_b72,new_tutorial_test,A
1b8cab691-73,new_tutorial_test,A
c5d7c8-ff26a,new_tutorial_test,A
44-0d0512793,new_tutorial_test,A
f0f_f9cab_50,new_tutorial_test,A
75d93994ccd3,new_tutorial_test,A
9c8c7b_85040,new_tutorial_test,A
a-01ad-73b84,new_tutorial_test,A
136_caac3_97,new_tutorial_test,A
cacc41f7966-,new_tutorial_test,A
3_-_b97d-579,new_tutorial_test,A
d4923c-f-4-c,new_tutorial_test,A
a_948_db2f_2,new_tutorial_test,A
_a3_8_6aac1-,new_tutorial_test,A
43d46f_2-482,new_tutorial_test,A
_710d_d2b8ab,new_tutorial_test,A
c04af0f-7a5c,new_tutorial_test,A
f1bcd__25f8c,new_tutorial_test,A
-9d5301849-b,new_tutorial_test,A
_72_f8865af8,new_tutorial_test,A
22444_4_a5d7,new_tutorial_test,A
153_d7c035b5,new_tutorial_test,A
70b929_4d17d,new_tutorial_test,A
058-141_bb_a,new_tutorial_test,A
c74205-3f--d,new_tutorial_test,A
c_ac6f_9974a,new_tutorial_test,A
fa6d8bbd02-_,new_tutorial_test,A
c-7c16203991,new_tutorial_test,A
50-8999df50f,new_tutorial_test,A
1d_a751_ddd-,new_tutorial_test,A
0388---07b_8,new_tutorial_test,A
51f8116c97b4,new_tutorial_test,A
57c9580d25_-,new_tutorial_test,A
748-_6-0a7cc,new_tutorial_test,A
f69afd600d1c,new_tutorial_test,A
b5a534f2d218,new_tutorial_test,A
56cdfd1f3--f,new_tutorial_test,A
dafd-1-70070,new_tutorial_test,A
08d-0_739-9c,new_tutorial_test,A
656_5b92509d,new_tutorial_test,A
1_09-90f_d37,new_tutorial_test,A
f646_b272-10,new_tutorial_test,A
1b0a34a1ab86,new_tutorial_test,A
f_b-24cf7-79,new_tutorial_test,A
9205a_1-5b42,new_tutorial_test,A
-d7611047-02,new_tutorial_test,A
89a_b6f6_-ff,new_tutorial_test,A
4fa0b1939f53,new_tutorial_test,A
a_a0b1_22d1b,new_tutorial_test,A
0-979766a230,new_tutorial_test,A
70f66146550d,new_tutorial_test,A
03046-55149-,new_tutorial_test,A
620_-4--f_a1,new_tutorial_test,A
90709c5-40f6,new_tutorial_test,A
_2269_0f2-87,new_tutorial_test,A
0c9890_3c824,new_tutorial_test,A
2-ac94--1535,new_tutorial_test,A
58693-d99d_9,new_tutorial_test,A
18_7570b47b4,new_tutorial_test,A
f95b7ff63c53,new_tutorial_test,A
__41c450f930,new_tutorial_test,A
d5c448533376,new_tutorial_test,A
d1-_3f-_20-5,new_tutorial_test,A
4_0125_47c9_,new_tutorial_test,A
74c56db33-11,new_tutorial_test,A
_c1-51_3_3-d,new_tutorial_test,A
68a2538-b818,new_tutorial_test,A
-5978135ab7a,new_tutorial_test,A
617441-9c97_,new_tutorial_test,A
4bc3-48932__,new_tutorial_test,A
340_ca0_3_22,new_tutorial_test,A
-6_1598a-f14,new_tutorial_test,A
156752_dfcd8,new_tutorial_test,A
b15186b5f14f,new_tutorial_test,A
-d6--96a654_,new_tutorial_test,A
f24278b7a28a,new_tutorial_test,A
83cba_2c_f-6,new_tutorial_test,A
aa3ff28811d0,new_tutorial_test,A
-5_f8fa3238c,new_tutorial_test,A
18a_c_6d1286,new_tutorial_test,A
d_0750166-d6,new_tutorial_test,A
-1a64c1cd2c9,new_tutorial_test,A
99--b7-c7-52,new_tutorial_test,A
9801797d40a8,new_tutorial_test,A
5242b3_8a7b-,new_tutorial_test,A
05d485_c4f_b,new_tutorial_test,A
89c3a98fc2c3,new_tutorial_test,A
3b1f7bf-d0-6,new_tutorial_test,A
25ac93-ff136,new_tutorial_test,A
313721d18-80,new_tutorial_test,A
-6c479436ac4,new_tutorial_test,A
459a07656b0b,new_tutorial_test,A
0bb_764-5ca1,new_tutorial_test,A
72bd6b4b1092,new_tutorial_test,A
27ad7da7606-,new_tutorial_test,A
f2d2aa34b5f0,new_tutorial_test,A
757c33965a81,new_tutorial_test,A
1004151ccb6c,new_tutorial_test,A
bb--34b03224,new_tutorial_test,A
5c1737118aba,new_tutorial_test,A
0f8d3b_9d0--,new_tutorial_test,A
6a77f1_271f1,new_tutorial_test,A
a813307745f_,new_tutorial_test,A
03707bdbfa-0,new_tutorial_test,A
918c3925a-2d,new_tutorial_test,A
f7d33c-09058,new_tutorial_test,A
09b8a76251_7,new_tutorial_test,A
-f-f646-c73b,new_tutorial_test,A
cb175645bbad,new_tutorial_test,A
192b584c147b,new_tutorial_test,A
303cc92fcf_8,new_tutorial_test,A
-5dcd7ad3bd3,new_tutorial_test,A
0-29ffd_b7_f,new_tutorial_test,A
f5c870535_10,new_tutorial_test,A
36c5ad7d7483,new_tutorial_test,A
12_6f81ca013,new_tutorial_test,A
1263-a1fb8b0,new_tutorial_test,A
5f9fcd5dba36,new_tutorial_test,A
194bf_5b385a,new_tutorial_test,A
6cf_9172c_67,new_tutorial_test,A
77ffac-28622,new_tutorial_test,A
1d7__1921f61,new_tutorial_test,A
79_a8225bf65,new_tutorial_test,A
80_7290_95d6,new_tutorial_test,A
0a37035aa_bd,new_tutorial_test,A
c38-b1abc90-,new_tutorial_test,A
a6c7d3b5-b94,new_tutorial_test,A
_c32d5-f7770,new_tutorial_test,A
d_f5d0-b280c,new_tutorial_test,A
05af706139bf,new_tutorial_test,A
16-8_62b95ad,new_tutorial_test,A
df-52_1a8bdd,new_tutorial_test,A
c9fa55451c_6,new_tutorial_test,A
db_c91ffad42,new_tutorial_test,A
c35b09dd-9f9,new_tutorial_test,A
_f8_d699933f,new_tutorial_test,A
8c51b5f2f__6,new_tutorial_test,A
d12f4535-faf,new_tutorial_test,A
398155576a57,new_tutorial_test,A
af-9a0680303,new_tutorial_test,A
8a-5fb4-9_c1,new_tutorial_test,A
0c9-92fb0536,new_tutorial_test,A
4_9d9dd-61c0,new_tutorial_test,A
497127d0a9a7,new_tutorial_test,A
c254a42a1d-f,new_tutorial_test,A
6c7f02603189,new_tutorial_test,A
ac03-6_633f7,new_tutorial_test,A
f6884a2d925d,new_tutorial_test,A
856_b38d7a7c,new_tutorial_test,A
a5bc780dd71-,new_tutorial_test,A
065c6-2f66b1,new_tutorial_test,A
34126609cb01,new_tutorial_test,A
-a4779d-b73_,new_tutorial_test,A
4_980f2bf-70,new_tutorial_test,A
1cbc6f479b88,new_tutorial_test,A
-a87a77116d4,new_tutorial_test,A
3fb2215ab779,new_tutorial_test,A
d46393df41b_,new_tutorial_test,A
f41b_78642-_,new_tutorial_test,A
ad81fd0cfcb1,new_tutorial_test,A
d-729_9-d3b_,new_tutorial_test,A
88f392dd2_45,new_tutorial_test,A
3-c3a6c34f11,new_tutorial_test,A
ca26b76_ff00,new_tutorial_test,A
fa28_15-11_4,new_tutorial_test,A
2a_f6_4d59f_,new_tutorial_test,A
ab598-cc2199,new_tutorial_test,A
--f-0ba944f6,new_tutorial_test,A
10-313f88d97,new_tutorial_test,A
2527305d114c,new_tutorial_test,A
73b5c4896831,new_tutorial_test,A
f615275afbc8,new_tutorial_test,A
5a76c0627c9b,new_tutorial_test,A
5f69a-162_db,new_tutorial_test,A
50b7988bcabf,new_tutorial_test,A
b5a0ab9f1_39,new_tutorial_test,A
a881a_7789_9,new_tutorial_test,A
d9_a282d-059,new_tutorial_test,A
4615dd9baa74,new_tutorial_test,A
ab_f7ba1af31,new_tutorial_test,A
44f3711c_a4a,new_tutorial_test,A
49919ba6d9a8,new_tutorial_test,A
a8c2_4-63_f3,new_tutorial_test,A
38510f81818d,new_tutorial_test,A
48c7186bfdd-,new_tutorial_test,A
f05792f_4719,new_tutorial_test,A
63a5a-5421fb,new_tutorial_test,A
8834d3098-d2,new_tutorial_test,A
1011707dc148,new_tutorial_test,A
cfa24092111f,new_tutorial_test,A
5c8d-_3d4f7-,new_tutorial_test,A
-126c_bdd1-6,new_tutorial_test,A
350759c574f7,new_tutorial_test,A
f_894c_5-05-,new_tutorial_test,A
06aa33b12729,new_tutorial_test,A
6c-78cca4dc1,new_tutorial_test,A
719cfc9_5_af,new_tutorial_test,A
d3f5a7707641,new_tutorial_test,A
a4ab0f482397,new_tutorial_test,A
8986b2_f_51_,new_tutorial_test,A
4411bcada5b-,new_tutorial_test,A
6179c35da_89,new_tutorial_test,A
a939091c_1_a,new_tutorial_test,A
026faa-74b81,new_tutorial_test,A
8c0739340d1d,new_tutorial_test,A
37971643_8a8,new_tutorial_test,A
8-af59_f906_,new_tutorial_test,A
4_c-a4d77697,new_tutorial_test,A
-0_2c38fdcdd,new_tutorial_test,A
0305bd6010--,new_tutorial_test,A
_ac_ccb1fc8_,new_tutorial_test,A
267b6_d4ac98,new_tutorial_test,A
09292dd4947d,new_tutorial_test,A
31_2585767__,new_tutorial_test,A
04342c45dd66,new_tutorial_test,A
a3c5934-b0c_,new_tutorial_test,A
3-71d0b_12fc,new_tutorial_test,A
8ddb_0fd1_30,new_tutorial_test,A
16dc65d_-3c8,new_tutorial_test,A
dc-bd9234725,new_tutorial_test,A
165c77422_-d,new_tutorial_test,A
ab65df45b46f,new_tutorial_test,A
235_55d12b6c,new_tutorial_test,A
df873a5392b4,new_tutorial_test,A
259_35d-3b94,new_tutorial_test,A
b0dadd1-7ca7,new_tutorial_test,A
6a91_710a59f,new_tutorial_test,A
f0136d8bdac3,new_tutorial_test,A
-_90df57_-_d,new_tutorial_test,A
_6f360ac177d,new_tutorial_test,A
6-953bc70_79,new_tutorial_test,A
508cfbd5272f,new_tutorial_test,A
27342_1fc_8_,new_tutorial_test,A
4f25_7dbb_66,new_tutorial_test,A
d40358337fb0,new_tutorial_test,A
590b__f4af7_,new_tutorial_test,A
b-613d-92a-_,new_tutorial_test,A
4-4-b244c-_5,new_tutorial_test,A
331b1__8-0b1,new_tutorial_test,A
81c5f6-c173b,new_tutorial_test,A
9_31a81fdcfb,new_tutorial_test,A
a0a4609-67b0,new_tutorial_test,A
3_cd-9b3c_20,new_tutorial_test,A
7975016-1ba3,new_tutorial_test,A
9-bddb-69176,new_tutorial_test,A
c516686132f0,new_tutorial_test,A
c639aaf08cac,new_tutorial_test,A
408c5cd83266,new_tutorial_test,A
8cbbc9d94fb2,new_tutorial_test,A
391c697d_32c,new_tutorial_test,A
6485d264582c,new_tutorial_test,A
5c78779cf06a,new_tutorial_test,A
_7a4abb9_210,new_tutorial_test,A
4c-525a34a87,new_tutorial_test,A
d8f83241_-f3,new_tutorial_test,A
c992906766a0,new_tutorial_test,A
0d8-9affd-59,new_tutorial_test,A
88b5b-4c8221,new_tutorial_test,A
9781d7d29b7f,new_tutorial_test,A
0a-198501aa6,new_tutorial_test,A
_b3ca835f267,new_tutorial_test,A
-d0510d433_9,new_tutorial_test,A
d6f6a080-17_,new_tutorial_test,A
6a31fbd07_10,new_tutorial_test,A
-7f7-0fa-18_,new_tutorial_test,A
312_9b_8b789,new_tutorial_test,A
2169dc1ccc72,new_tutorial_test,A
c03-762dfc91,new_tutorial_test,A
2396566b459c,new_tutorial_test,A
_9b7704fcd90,new_tutorial_test,A
-592531874a6,new_tutorial_test,A
-8b79888-254,new_tutorial_test,A
a66cf_6faf18,new_tutorial_test,A
2-0db-abf3d_,new_tutorial_test,A
338-8a30511f,new_tutorial_test,A
dc12a205bcd4,new_tutorial_test,A
_cf046_68881,new_tutorial_test,A
5f52ab40614_,new_tutorial_test,A
3c6776c8fa-f,new_tutorial_test,A
552ca3945526,new_tutorial_test,A
4c406b0adf4a,new_tutorial_test,A
48_f-828d-4c,new_tutorial_test,A
-39c7adb_cf-,new_tutorial_test,A
_d5_b228-856,new_tutorial_test,A
050-cd7a-2d5,new_tutorial_test,A
ad5931_2ba90,new_tutorial_test,A
047722__8f9c,new_tutorial_test,A
2b077c874-5d,new_tutorial_test,A
c43dd_2d199d,new_tutorial_test,A
c1-bc159f69d,new_tutorial_test,A
6_75-f519544,new_tutorial_test,A
b7b5_0_11d4-,new_tutorial_test,A
_2-081554_c0,new_tutorial_test,A
a-a7c2867673,new_tutorial_test,A
f180a2_33c6-,new_tutorial_test,A
5bc-07b_2a39,new_tutorial_test,A
0578ac5_c2ca,new_tutorial_test,A
d8ba7c28ba28,new_tutorial_test,A
-265d40f4158,new_tutorial_test,A
15489c232415,new_tutorial_test,A
8a83-3519a-f,new_tutorial_test,A
d997d05a5880,new_tutorial_test,A
67801_f37435,new_tutorial_test,A
8f_-84ab_cfb,new_tutorial_test,A
f_-d73dc6d66,new_tutorial_test,A
3383c9375_3_,new_tutorial_test,A
fc75c497f853,new_tutorial_test,A
3aa9d43bd-a9,new_tutorial_test,A
7dfdc4c329d6,new_tutorial_test,A
03b021d53d34,new_tutorial_test,A
04-a7b62667c,new_tutorial_test,A
b8957496_b4d,new_tutorial_test,A
d164aa-b1fc7,new_tutorial_test,A
fdcc5b6bbd0-,new_tutorial_test,A
fca20c29dfb0,new_tutorial_test,A
228726a287-d,new_tutorial_test,A
4483f566af85,new_tutorial_test,A
293976d1970-,new_tutorial_test,A
cabba62394dd,new_tutorial_test,A
49c6d628408a,new_tutorial_test,A
a-a6531017c8,new_tutorial_test,A
_63341bd_493,new_tutorial_test,A
da0-6_d6f-d9,new_tutorial_test,A
7-496c920b07,new_tutorial_test,A
2aa86d5a5-4c,new_tutorial_test,A
3196b504cd71,new_tutorial_test,A
a4d5d8_2cdc_,new_tutorial_test,A
_0531d9b967d,new_tutorial_test,A
41b--7408952,new_tutorial_test,A
126c99dff_f8,new_tutorial_test,A
a311442413d-,new_tutorial_test,A
58939c-722f_,new_tutorial_test,A
cd-84--02279,new_tutorial_test,A
04ba12-a085c,new_tutorial_test,A
d15-45f-2b7b,new_tutorial_test,A
b938b_a-d523,new_tutorial_test,A
2d4_f361d-9_,new_tutorial_test,A
6_9613400_9d,new_tutorial_test,A
4-207_8a3c5_,new_tutorial_test,A
5_668497c2d6,new_tutorial_test,A
73f55_3-6190,new_tutorial_test,A
197-44175168,new_tutorial_test,A
394fa--8-1d3,new_tutorial_test,A
32a3-_2bbf7-,new_tutorial_test,A
a25c0a_2d196,new_tutorial_test,A
f42b783a604-,new_tutorial_test,A
-704d3_f1a8f,new_tutorial_test,A
d2-090d71__b,new_tutorial_test,A
a1877d510333,new_tutorial_test,A
6906b8dcfcd_,new_tutorial_test,A
_4b7c2d-2ab_,new_tutorial_test,A
b5bb2fd476-f,new_tutorial_test,A
c32c_bd0db71,new_tutorial_test,A
7b106_d_3f9-,new_tutorial_test,A
_672_a9850b2,new_tutorial_test,A
c7d70_47b-_7,new_tutorial_test,A
_b58387d3370,new_tutorial_test,A
68-926-8cd29,new_tutorial_test,A
93_2ca197687,new_tutorial_test,A
8a30a75ff1_2,new_tutorial_test,A
551768b0_910,new_tutorial_test,A
f_0c6ca33260,new_tutorial_test,A
-7-08__f6a2_,new_tutorial_test,A
c4726a03d1cf,new_tutorial_test,A
3cdc20_8c167,new_tutorial_test,A
-6_a213c-153,new_tutorial_test,A
_f6c58f86d6a,new_tutorial_test,A
8aa_6_41f60-,new_tutorial_test,A
d203f70287c5,new_tutorial_test,A
14c4077fc48d,new_tutorial_test,A
ca995b38-9c_,new_tutorial_test,A
00f280919b15,new_tutorial_test,A
377b74c3a390,new_tutorial_test,A
96743-d63802,new_tutorial_test,A
12659130d8f7,new_tutorial_test,A
73b75c97cd3f,new_tutorial_test,A
6_a_a6-d2d2a,new_tutorial_test,A
a9109d9-798-,new_tutorial_test,A
8_c7b_d1cd__,new_tutorial_test,A
f4_218ab_568,new_tutorial_test,A
97ac3_2-_b89,new_tutorial_test,A
f34_66-714-4,new_tutorial_test,A
-cc90540d06b,new_tutorial_test,A
37f6_8fa_-67,new_tutorial_test,A
_466756-1936,new_tutorial_test,A
84bd13638058,new_tutorial_test,A
9600595a8-7b,new_tutorial_test,A
839b5b2c9183,new_tutorial_test,A
f8bbbccdc69f,new_tutorial_test,A
b500c7a_d65_,new_tutorial_test,A
9347aa3a1423,new_tutorial_test,A
_3c9926_dbbd,new_tutorial_test,A
283f2687b_95,new_tutorial_test,A
0472d5f4cb57,new_tutorial_test,A
8410200ac5ba,new_tutorial_test,A
cb8-a-abd1-3,new_tutorial_test,A
-d27a267a28f,new_tutorial_test,A
d7_1adf31888,new_tutorial_test,A
4_-cc__5c-33,new_tutorial_test,A
917-b_8b4c7_,new_tutorial_test,A
d5f6-2ba961_,new_tutorial_test,A
8cb384cb3cb7,new_tutorial_test,A
_61dc5194164,new_tutorial_test,A
-3929f62cd7b,new_tutorial_test,A
56d880_b7536,new_tutorial_test,A
4f0c-5bb54bc,new_tutorial_test,A
99-1_04c_5-b,new_tutorial_test,A
061-95_85d02,new_tutorial_test,A
42a95d39a0f1,new_tutorial_test,A
9c231-f6ff-5,new_tutorial_test,A
7274d2ac1-76,new_tutorial_test,A
55fb_6287dfd,new_tutorial_test,A
_f956b_a_950,new_tutorial_test,A
713336-09d2c,new_tutorial_test,A
3626497644f9,new_tutorial_test,A
893426d-123f,new_tutorial_test,A
0050c1860fb5,new_tutorial_test,A
d5760580-398,new_tutorial_test,A
53cb3b00d498,new_tutorial_test,A
_c534822b16-,new_tutorial_test,A
4-ac3f90a6a1,new_tutorial_test,A
_0784a9dc18_,new_tutorial_test,A
58-f_d3f7-3c,new_tutorial_test,A
9_c27c03d_c2,new_tutorial_test,A
dbd-d404-513,new_tutorial_test,A
78_6__0-256f,new_tutorial_test,A
702_f-a4__-4,new_tutorial_test,A
441-5b36_7c7,new_tutorial_test,A
55915db1f2fc,new_tutorial_test,A
53460df_8292,new_tutorial_test,A
24098793c5-8,new_tutorial_test,A
058215cf9288,new_tutorial_test,A
f3aa16d36_b8,new_tutorial_test,A
3fd6061_0abf,new_tutorial_test,A
b3af2_5-_bb4,new_tutorial_test,A
d3a522b9_077,new_tutorial_test,A
20d_2_8cd800,new_tutorial_test,A
8ab0af-158__,new_tutorial_test,A
f1081-7028f7,new_tutorial_test,A
--26a517d3-5,new_tutorial_test,A
8921cffd36_4,new_tutorial_test,A
6d07428a_47b,new_tutorial_test,A
d3d302addc42,new_tutorial_test,A
b115826f7480,new_tutorial_test,A
7d5d5d0_caa_,new_tutorial_test,A
5f2347_f2711,new_tutorial_test,A
2483c4-_9021,new_tutorial_test,A
b6_63984c0dd,new_tutorial_test,A
98b0057bf9_2,new_tutorial_test,A
b3cd7cb2f1-0,new_tutorial_test,A
b-96c8_d770d,new_tutorial_test,A
d05ffaa0d7a0,new_tutorial_test,A
_0d022798ca2,new_tutorial_test,A
60-31_fa54b6,new_tutorial_test,A
f7_5b9a-f1f-,new_tutorial_test,A
9baff8-1bb__,new_tutorial_test,A
791_a9fcc_dc,new_tutorial_test,A
9f-6c6abdd4c,new_tutorial_test,A
_b-3f2d7c5_9,new_tutorial_test,A
18a_f5f_368-,new_tutorial_test,A
b90b2494ab43,new_tutorial_test,A
_73___3dc28c,new_tutorial_test,A
14d-cf46b_23,new_tutorial_test,A
bfab93471d-6,new_tutorial_test,A
-bc-_6c3ff92,new_tutorial_test,A
3d414ccf42_c,new_tutorial_test,A
5-57-8_8f_70,new_tutorial_test,A
48df9_293af1,new_tutorial_test,A
d2ac54534008,new_tutorial_test,A
2-8403a68924,new_tutorial_test,A
f40ab_f1a3_7,new_tutorial_test,A
440ad63-f992,new_tutorial_test,A
b7_21336516f,new_tutorial_test,A
5f093384c08c,new_tutorial_test,A
94d508148101,new_tutorial_test,A
06fb-6f9f5-_,new_tutorial_test,A
5957bc51-1a0,new_tutorial_test,A
71918927-805,new_tutorial_test,A
948__6a1652-,new_tutorial_test,A
d6b0a874d1d_,new_tutorial_test,A
3_c3--18a7d5,new_tutorial_test,A
--d241a34f7f,new_tutorial_test,A
850f8df5a6b2,new_tutorial_test,A
83f-fa176b46,new_tutorial_test,A
2-271__5bb4d,new_tutorial_test,A
f5-a382d2d9b,new_tutorial_test,A
0b7-416b78aa,new_tutorial_test,A
764b6f433450,new_tutorial_test,A
d4756b5dd344,new_tutorial_test,A
c6_04669143f,new_tutorial_test,A
d45394-1d52_,new_tutorial_test,A
c-c553f9c775,new_tutorial_test,A
55c317_-_527,new_tutorial_test,A
1bc3d9596f65,new_tutorial_test,A
00b0941fc836,new_tutorial_test,A
848a28d2-a_f,new_tutorial_test,A
0b7__85c98f5,new_tutorial_test,A
d_202c_6a3f8,new_tutorial_test,A
f64b38775dd1,new_tutorial_test,A
ba017-59-030,new_tutorial_test,A
fca86178c07b,new_tutorial_test,A
7609d889b-49,new_tutorial_test,A
a6_4_82d29--,new_tutorial_test,A
_a0-d6db7ba8,new_tutorial_test,A
2-_b5dcb7d3c,new_tutorial_test,A
908083f95407,new_tutorial_test,A
21c_d42679f7,new_tutorial_test,A
4-45cd46002_,new_tutorial_test,A
51_--aab898c,new_tutorial_test,A
62a770b80733,new_tutorial_test,A
734c142f_abf,new_tutorial_test,A
_846542a6752,new_tutorial_test,A
_36df2a4ccac,new_tutorial_test,A
-3f49-49-6bf,new_tutorial_test,A
228f27cf3--6,new_tutorial_test,A
-4511-4f01-4,new_tutorial_test,A
0fbcabd6657d,new_tutorial_test,A
1d603c_52200,new_tutorial_test,A
76652--16_01,new_tutorial_test,A
8_8_8_0c5a_7,new_tutorial_test,A
4cd00387_9af,new_tutorial_test,A
b24c0a3_0226,new_tutorial_test,A
a138ca646d_5,new_tutorial_test,A
537a64cd388_,new_tutorial_test,A
9_a3fdd1c_c5,new_tutorial_test,A
5977-3a541cf,new_tutorial_test,A
232_c79-11-f,new_tutorial_test,A
408753-a2_f3,new_tutorial_test,A
797148bffd55,new_tutorial_test,A
9_8-c7c626_-,new_tutorial_test,A
_7_433a37___,new_tutorial_test,A
cc1_129162-b,new_tutorial_test,A
b235710394d5,new_tutorial_test,A
c2c2af78ccaa,new_tutorial_test,A
d3bb758-19c0,new_tutorial_test,A
ffc66-3c02c2,new_tutorial_test,A
-523b12842ff,new_tutorial_test,A
2854fcf3c9a4,new_tutorial_test,A
71_97c-d36df,new_tutorial_test,A
60f937b67_b5,new_tutorial_test,A
6182_0406f-a,new_tutorial_test,A
f141fd_8d3_5,new_tutorial_test,A
81a738da77bc,new_tutorial_test,A
6f3ad1a99d4c,new_tutorial_test,A
2c0_b-340b3f,new_tutorial_test,A
2-74415301ab,new_tutorial_test,A
650-6_17b542,new_tutorial_test,A
__7458b1557f,new_tutorial_test,A
b9acd7c_222a,new_tutorial_test,A
dcf-5f980_51,new_tutorial_test,A
-0_1-_dd5-af,new_tutorial_test,A
2_a795012440,new_tutorial_test,A
717-80368ffc,new_tutorial_test,A
6c01309db685,new_tutorial_test,A
a52526_c226b,new_tutorial_test,A
d1067-f_a-97,new_tutorial_test,A
47d743_96fc7,new_tutorial_test,A
92c53f9b7504,new_tutorial_test,A
f157dbf078_7,new_tutorial_test,A
065c434ba64_,new_tutorial_test,A
_c64acdd8_82,new_tutorial_test,A
d-fa0-093c79,new_tutorial_test,A
24c751911963,new_tutorial_test,A
1d-5b59b-187,new_tutorial_test,A
9b07_cb-5518,new_tutorial_test,A
165487aa-fc6,new_tutorial_test,A
bf__c-0013-a,new_tutorial_test,A
_9f52b9a_426,new_tutorial_test,A
39a_-9_9a87-,new_tutorial_test,A
a77567a0-36d,new_tutorial_test,A
2c40b7f95c2c,new_tutorial_test,A
34543--2-770,new_tutorial_test,A
4a26daa4cd--,new_tutorial_test,A
_84b563f294d,new_tutorial_test,A
1760d8f8f213,new_tutorial_test,A
976-6-6a89d0,new_tutorial_test,A
cdd18c3a6ddb,new_tutorial_test,A
f4f_b7ddf02f,new_tutorial_test,A
a310f5622574,new_tutorial_test,A
3c8bc449-721,new_tutorial_test,A
9d337a82_d-0,new_tutorial_test,A
958433148d08,new_tutorial_test,A
ba4f65a21143,new_tutorial_test,A
b-c8a061fb5c,new_tutorial_test,A
9a3834dacda0,new_tutorial_test,A
c7_2d12a809a,new_tutorial_test,A
__-a-68b0-71,new_tutorial_test,A
f88f-b2c0444,new_tutorial_test,A
4f5cb689595_,new_tutorial_test,A
7559_-b_-23_,new_tutorial_test,A
b322782a1-63,new_tutorial_test,A
25f9c6-87fa-,new_tutorial_test,A
d29d2358d641,new_tutorial_test,A
2c5-b5465071,new_tutorial_test,A
33269f235679,new_tutorial_test,A
9-d6df1589fc,new_tutorial_test,A
675acc65bc1c,new_tutorial_test,A
6540d1_90d11,new_tutorial_test,A
_c5ba78a74_1,new_tutorial_test,A
a5d840170322,new_tutorial_test,A
b50aa9034d44,new_tutorial_test,A
6f_-244d253d,new_tutorial_test,A
_f9fd705a596,new_tutorial_test,A
4__65a4130d_,new_tutorial_test,A
4a4a7cb2c63d,new_tutorial_test,A
_082d6_-5376,new_tutorial_test,A
8c7230b012_5,new_tutorial_test,A
3b5f420d4fc3,new_tutorial_test,A
f-c99d9574cb,new_tutorial_test,A
cfd64f9bcb14,new_tutorial_test,A
c4503c7_46a-,new_tutorial_test,A
df5c40b09-90,new_tutorial_test,A
c5c719b4cd7f,new_tutorial_test,A
-94775f604c9,new_tutorial_test,A
b1_6_9f56_cf,new_tutorial_test,A
-9b_88965178,new_tutorial_test,A
b5a5c9_09c43,new_tutorial_test,A
c_c771_05bb_,new_tutorial_test,A
-46619129d41,new_tutorial_test,A
b76a-fc5bb81,new_tutorial_test,A
417f4faba_29,new_tutorial_test,A
91bf944_62-c,new_tutorial_test,A
-f5-50d958-a,new_tutorial_test,A
6-a4fa36273a,new_tutorial_test,A
283_22a_93_d,new_tutorial_test,A
5156_3331b4-,new_tutorial_test,A
ad-5b545dfb3,new_tutorial_test,A
15bbd638_10a,new_tutorial_test,A
fdfb-6752b88,new_tutorial_test,A
-01914b5f75b,new_tutorial_test,A
2d898fc65bd_,new_tutorial_test,A
_2c520705241,new_tutorial_test,A
-4aa22f_098c,new_tutorial_test,A
_f5129_5668_,new_tutorial_test,A
8d-5688879-_,new_tutorial_test,A
4-c-fdad24a4,new_tutorial_test,A
b10_-4804d73,new_tutorial_test,A
1359832fc_16,new_tutorial_test,A
0b_d6-66c_33,new_tutorial_test,A
7275d-812964,new_tutorial_test,A
3914f_54d4ab,new_tutorial_test,A
_842b-0cab1c,new_tutorial_test,A
7700d11903f_,new_tutorial_test,A
24909dd3c482,new_tutorial_test,A
-6c453-0-935,new_tutorial_test,A
27ca09da-3_3,new_tutorial_test,A
_973_52b0541,new_tutorial_test,A
bac4d-a8b60a,new_tutorial_test,A
3cb_5c2c1892,new_tutorial_test,A
b3-aa67a9b3-,new_tutorial_test,A
5830d40d55d1,new_tutorial_test,A
_d01201b-35-,new_tutorial_test,A
28a98513105a,new_tutorial_test,A
464997-557b4,new_tutorial_test,A
845f140-75c_,new_tutorial_test,A
44_8dd5-5_f6,new_tutorial_test,A
7ddf5f5a6_36,new_tutorial_test,A
_193_08d4a04,new_tutorial_test,A
68378bb2c1c3,new_tutorial_test,A
3234-6a638a1,new_tutorial_test,A
7c36472377d0,new_tutorial_test,A
b4b2d-2a54dd,new_tutorial_test,A
89645c_63cd0,new_tutorial_test,A
04d0f339f6b6,new_tutorial_test,A
38ca68d4a54a,new_tutorial_test,A
a-02_a57b_48,new_tutorial_test,A
74d6604c56b9,new_tutorial_test,A
4f-178c-_13f,new_tutorial_test,A
dc_cf35_224-,new_tutorial_test,A
f537055a-510,new_tutorial_test,A
00adc_c_8-85,new_tutorial_test,A
-d-969760253,new_tutorial_test,A
0d3--_88b4d3,new_tutorial_test,A
60cfcc083f27,new_tutorial_test,A
-0925dfa81-2,new_tutorial_test,A
f1-25d8774f-,new_tutorial_test,A
a3b28261baf9,new_tutorial_test,A
12216807325d,new_tutorial_test,A
9cbbfdc_b3a6,new_tutorial_test,A
1a20f8fba1_1,new_tutorial_test,A
8abb4da509_d,new_tutorial_test,A
9cc16b762194,new_tutorial_test,A
51c9508a49-f,new_tutorial_test,A
480-077_6041,new_tutorial_test,A
caba985f2ff0,new_tutorial_test,A
7_0130b4f8d5,new_tutorial_test,A
5336-7492630,new_tutorial_test,A
643c72753553,new_tutorial_test,A
35c22279_dd7,new_tutorial_test,A
278_c1186-f9,new_tutorial_test,A
8d15ac92c-bf,new_tutorial_test,A
f56cd-b89b1_,new_tutorial_test,A
_63-0-69971d,new_tutorial_test,A
867bbbfcc223,new_tutorial_test,A
fc0b7a00_0_5,new_tutorial_test,A
8279_4_fd_86,new_tutorial_test,A
4145b5d532f6,new_tutorial_test,A
c3d8afccd64a,new_tutorial_test,A
d8d3_a7150_a,new_tutorial_test,A
75ba7_1075a0,new_tutorial_test,A
2c379a9c9401,new_tutorial_test,A
ada38310b0f4,new_tutorial_test,A
6f7d-_f602d9,new_tutorial_test,A
86b27280d8bf,new_tutorial_test,A
4aa53a_68263,new_tutorial_test,A
93653_b_f9c2,new_tutorial_test,A
794a7_410_bc,new_tutorial_test,A
51bbd_-2942b,new_tutorial_test,A
_9a-fff2a457,new_tutorial_test,A
f4a_20c600-4,new_tutorial_test,A
4a93c_80-_-a,new_tutorial_test,A
fc7486dcb099,new_tutorial_test,A
872f4b250aa0,new_tutorial_test,A
_ca156_ab53b,new_tutorial_test,A
0_60b56-6d90,new_tutorial_test,A
c72d9ad3f812,new_tutorial_test,A
9fbf9_ac58b7,new_tutorial_test,A
271cf226dba9,new_tutorial_test,A
d58f_62b52dc,new_tutorial_test,A
435733568934,new_tutorial_test,A
94475942a_-c,new_tutorial_test,A
--59b08_42f2,new_tutorial_test,A
-59_c--2c978,new_tutorial_test,A
3bd56-11_232,new_tutorial_test,A
064_--605_73,new_tutorial_test,A
_52cfc-d2c16,new_tutorial_test,A
_3bdaddf2885,new_tutorial_test,A
2d1089ffd3f4,new_tutorial_test,A
d0b52a564993,new_tutorial_test,A
b-6_da-af68d,new_tutorial_test,A
5f627cc72bc1,new_tutorial_test,A
4748870ff4f6,new_tutorial_test,A
7-4d737-4a50,new_tutorial_test,A
26-8a5bbf_2-,new_tutorial_test,A
3-404ba7a985,new_tutorial_test,A
f-_0-53_8791,new_tutorial_test,A
aa84-_a96a72,new_tutorial_test,A
c-84_8d5ab6-,new_tutorial_test,A
3791c2f637b3,new_tutorial_test,A
45ba0-_1c-21,new_tutorial_test,A
_a95186_cf4d,new_tutorial_test,A
_9_6cb8b-777,new_tutorial_test,A
5f7b88__a6_7,new_tutorial_test,A
0f243-d848f0,new_tutorial_test,A
839fddd1f_b9,new_tutorial_test,A
f9071a-bdbfb,new_tutorial_test,A
3bf25a057428,new_tutorial_test,A
-1fa35c9_c57,new_tutorial_test,A
1454db4_8_f8,new_tutorial_test,A
acf43cc799b_,new_tutorial_test,A
0822030535f2,new_tutorial_test,A
cb50c8d1aa1f,new_tutorial_test,A
47455abd4dc4,new_tutorial_test,A
135_f3_86729,new_tutorial_test,A
8_254-71c524,new_tutorial_test,A
df4f-cbfbc-5,new_tutorial_test,A
55af-8a62d-7,new_tutorial_test,A
8f0-65ac8d93,new_tutorial_test,A
ffc76a318f0b,new_tutorial_test,A
244118148d56,new_tutorial_test,A
23_f32c02bdc,new_tutorial_test,A
4771f252_b5_,new_tutorial_test,A
fcb-f69d0_43,new_tutorial_test,A
852b66caf5c9,new_tutorial_test,A
1b5142--2463,new_tutorial_test,A
d116715_2d40,new_tutorial_test,A
c6c549bb351-,new_tutorial_test,A
f865b8_3c5_9,new_tutorial_test,A
166db69501a1,new_tutorial_test,A
27_a1ab6c87c,new_tutorial_test,A
75_6-39236c_,new_tutorial_test,A
0341_2d0b5-a,new_tutorial_test,A
6b42b705a--1,new_tutorial_test,A
63269327b7-4,new_tutorial_test,A
32cbfbaf_d5d,new_tutorial_test,A
f29739364d5f,new_tutorial_test,A
c82130c6951_,new_tutorial_test,A
82cb_23__4d6,new_tutorial_test,A
2200f59-5f11,new_tutorial_test,A
09db742-b-61,new_tutorial_test,A
f27d12_a5a1-,new_tutorial_test,A
0---af46b0c9,new_tutorial_test,A
ca-9faadab8d,new_tutorial_test,A
67-42f_-f192,new_tutorial_test,A
c0-4f46c0899,new_tutorial_test,A
_-76a7--d473,new_tutorial_test,A
cff4f-b773_9,new_tutorial_test,A
1133-12712_5,new_tutorial_test,A
5d6a3b28_16b,new_tutorial_test,A
a_fd463-7d_f,new_tutorial_test,A
b2c3d6ca4c25,new_tutorial_test,A
c--a98101870,new_tutorial_test,A
da0b79__4fd7,new_tutorial_test,A
17c7daf108b4,new_tutorial_test,A
7fb86b634882,new_tutorial_test,A
19937dd519ff,new_tutorial_test,A
6ac7ad01c51_,new_tutorial_test,A
-d05a29a0018,new_tutorial_test,A
1af099_-939_,new_tutorial_test,A
362c8da0a327,new_tutorial_test,A
937-0ac_12c8,new_tutorial_test,A
28_f6_6a001-,new_tutorial_test,A
7010_f-221-9,new_tutorial_test,A
-088bcc62575,new_tutorial_test,A
902aa865-871,new_tutorial_test,A
9328a21a_45f,new_tutorial_test,A
_c33a615-616,new_tutorial_test,A
88dcd06f62d6,new_tutorial_test,A
3c_52635255b,new_tutorial_test,A
-9995303d6-c,new_tutorial_test,A
bb62302265_-,new_tutorial_test,A
987873_26c98,new_tutorial_test,A
8d-6dd013345,new_tutorial_test,A
f1b1ff_ac43_,new_tutorial_test,A
08-169f63851,new_tutorial_test,A
00-35652-c_5,new_tutorial_test,A
4c6724fb32c5,new_tutorial_test,A
7615---7cb90,new_tutorial_test,A
11213d_1_1b-,new_tutorial_test,A
7f_98_23f2_3,new_tutorial_test,A
af2365f82_2-,new_tutorial_test,A
9bccb53ff1_0,new_tutorial_test,A
4-_b43781605,new_tutorial_test,A
31-dcf1__960,new_tutorial_test,A
aa--aa3d0bd8,new_tutorial_test,A
90bd47b6ff98,new_tutorial_test,A
134_3384237-,new_tutorial_test,A
df9-5f9_-5c_,new_tutorial_test,A
46013535c4f9,new_tutorial_test,A
150-f6c-3-c7,new_tutorial_test,A
-8_334a8913c,new_tutorial_test,A
f06f39ff8--a,new_tutorial_test,A
06f07b15f_db,new_tutorial_test,A
fbdf9b496f26,new_tutorial_test,A
701c42f1-515,new_tutorial_test,A
85b99bf8df8d,new_tutorial_test,A
_9_34c5b6665,new_tutorial_test,A
f004949c6b65,new_tutorial_test,A
179_-9f06d6b,new_tutorial_test,A
a8_769168-9_,new_tutorial_test,A
043d3f276bd5,new_tutorial_test,A
c90fad-0b-08,new_tutorial_test,A
2bc6424fb56-,new_tutorial_test,A
f6d7bb970f61,new_tutorial_test,A
3501f9dd5cab,new_tutorial_test,A
997c3ff-9a9c,new_tutorial_test,A
23403b065c66,new_tutorial_test,A
92_8a236f6bf,new_tutorial_test,A
87_cd9804_3c,new_tutorial_test,A
_5afadc2a-25,new_tutorial_test,A
64-cb348347d,new_tutorial_test,A
835cd_b2ff7a,new_tutorial_test,A
c988cbd6fd1_,new_tutorial_test,A
_6cb84474_ff,new_tutorial_test,A
ba2_b6d4a886,new_tutorial_test,A
5c377_2a1_16,new_tutorial_test,A
04a05d-ff198,new_tutorial_test,A
a7_fb498a6bd,new_tutorial_test,A
4d22_8188-_1,new_tutorial_test,A
--_863a-dba7,new_tutorial_test,A
12733bda2a2f,new_tutorial_test,A
2b989_4d932c,new_tutorial_test,A
a69b5dc_-040,new_tutorial_test,A
100__-_16d90,new_tutorial_test,A
5ac6c-96031f,new_tutorial_test,A
b6d9b2158132,new_tutorial_test,A
c-8115--0a0a,new_tutorial_test,A
74_37-_010-0,new_tutorial_test,A
081d50219386,new_tutorial_test,A
7a25-b264f20,new_tutorial_test,A
3aa069408_42,new_tutorial_test,A
1c8c6a6a-cf4,new_tutorial_test,A
38ab3a6-4a55,new_tutorial_test,A
b-58_c7705-7,new_tutorial_test,A
c13d7a98f8c6,new_tutorial_test,A
32a7_a_019-8,new_tutorial_test,A
d_48c43_8-5a,new_tutorial_test,A
6a206af-a-f-,new_tutorial_test,A
9_f982100-57,new_tutorial_test,A
1bda0-417-ba,new_tutorial_test,A
caf205c2114f,new_tutorial_test,A
ff16b6addf68,new_tutorial_test,A
233337611a6b,new_tutorial_test,A
b7c0ba4f53c-,new_tutorial_test,A
-9-60-676b4b,new_tutorial_test,A
2-6a5ffb7fa_,new_tutorial_test,A
79_63aad8d08,new_tutorial_test,A
5fa6643f6213,new_tutorial_test,A
235bd4d4c5a0,new_tutorial_test,A
-c_7d47c0a-_,new_tutorial_test,A
6f10_a8_5c0b,new_tutorial_test,A
bb905d8_346c,new_tutorial_test,A
78d-75ab0cd7,new_tutorial_test,A
c_15c2__6_94,new_tutorial_test,A
_0-6d7af1d29,new_tutorial_test,A
b432-18bd5dc,new_tutorial_test,A
195__8456-b1,new_tutorial_test,A
57f525a25_39,new_tutorial_test,A
256a10a83ad-,new_tutorial_test,A
c3a7-193fd57,new_tutorial_test,A
_b75fd70aba_,new_tutorial_test,A
8d3-aff1b289,new_tutorial_test,A
fa312_7573bf,new_tutorial_test,A
db22c3-bb611,new_tutorial_test,A
59a3_db3-39-,new_tutorial_test,A
-b3d02f29221,new_tutorial_test,A
6f_fff-9b7c4,new_tutorial_test,A
5-8b24ad_da5,new_tutorial_test,A
848c13999574,new_tutorial_test,A
9460c71fa0c9,new_tutorial_test,A
94012f--cd9b,new_tutorial_test,A
57a-d3811f65,new_tutorial_test,A
b131f8f2_63f,new_tutorial_test,A
3343187f-d83,new_tutorial_test,A
4047acb80636,new_tutorial_test,A
dd9-b9a555-a,new_tutorial_test,A
9c_d-_032903,new_tutorial_test,A
883-17c4d53_,new_tutorial_test,A
8521-c6226a2,new_tutorial_test,A
78703baf1d24,new_tutorial_test,A
2315c0d_5-2c,new_tutorial_test,A
733f_84562_5,new_tutorial_test,A
2a6c1-1d1329,new_tutorial_test,A
d972a1_2-1b9,new_tutorial_test,A
b823b-66_2cd,new_tutorial_test,A
bf5d13050552,new_tutorial_test,A
50_68581a1c3,new_tutorial_test,A
75c6780592bd,new_tutorial_test,A
1fc_50778_f-,new_tutorial_test,A
333_f2_fb298,new_tutorial_test,A
79c526ab5_6b,new_tutorial_test,A
-db2cf-_4d0f,new_tutorial_test,A
fb8c9ccd4_32,new_tutorial_test,A
0240b03c8-77,new_tutorial_test,A
03c49bb1-908,new_tutorial_test,A
661bc1dc6--8,new_tutorial_test,A
8d113393f5_f,new_tutorial_test,A
40_7a6-803a7,new_tutorial_test,A
-7357085cbb3,new_tutorial_test,A
6dab8-baf644,new_tutorial_test,A
0f_5dbd44d27,new_tutorial_test,A
-71d1b24___a,new_tutorial_test,A
51a4b8fb5014,new_tutorial_test,A
6d2f29-ff1f5,new_tutorial_test,A
b2_8-5d89-73,new_tutorial_test,A
4f0ccf1bfd33,new_tutorial_test,A
47ff30121f94,new_tutorial_test,A
6155-_3181aa,new_tutorial_test,A
a008f5677fd5,new_tutorial_test,A
_3756a2c3-23,new_tutorial_test,A
-5271c7_a3-c,new_tutorial_test,A
f5201c4b98c1,new_tutorial_test,A
1d_3502f6c0d,new_tutorial_test,A
86896-2f24d2,new_tutorial_test,A
6870d43_b508,new_tutorial_test,A
_-b8-a-f8a-3,new_tutorial_test,A
c_77d6766611,new_tutorial_test,A
5c08a_41c9d7,new_tutorial_test,A
85c5b53f2020,new_tutorial_test,A
d7_1d-1f7619,new_tutorial_test,A
9bd1-c756f52,new_tutorial_test,A
496-9ba38_2b,new_tutorial_test,A
1865d-9491_a,new_tutorial_test,A
f_2c983b3091,new_tutorial_test,A
765f8f_700b4,new_tutorial_test,A
d67_5-cdf-19,new_tutorial_test,A
0d73b2fac-1_,new_tutorial_test,A
75cc8da_4121,new_tutorial_test,A
27b128131dcb,new_tutorial_test,A
ca5-8a99da88,new_tutorial_test,A
_4-_87b0-29-,new_tutorial_test,A
5aa4ab009c76,new_tutorial_test,A
-d31_90548f3,new_tutorial_test,A
a3289c45f986,new_tutorial_test,A
b7-62b899a21,new_tutorial_test,A
450bb_43b2c9,new_tutorial_test,A
d3-_9-8cd857,new_tutorial_test,A
-78a543442ff,new_tutorial_test,A
3154059c7b55,new_tutorial_test,A
389_62864a39,new_tutorial_test,A
8833b245bf47,new_tutorial_test,A
417b9b4087_4,new_tutorial_test,A
bda6f96f9917,new_tutorial_test,A
d7a0-7c1632_,new_tutorial_test,A
bcdd9219_616,new_tutorial_test,A
81ad90961c32,new_tutorial_test,A
618c807712c8,new_tutorial_test,A
8c-b829b_b18,new_tutorial_test,A
_79cc6f5_c01,new_tutorial_test,A
42d1f8f9f706,new_tutorial_test,A
51bf3_aa67a7,new_tutorial_test,A
95313399262d,new_tutorial_test,A
ddf338_d6373,new_tutorial_test,A
0849a5-4261f,new_tutorial_test,A
_04-4b6ddb7b,new_tutorial_test,A
12676f1df678,new_tutorial_test,A
_-d-1b797b90,new_tutorial_test,A
b-4acf27fd2c,new_tutorial_test,A
bc50604c-_08,new_tutorial_test,A
d76c0af_f2d4,new_tutorial_test,A
44_13a_a842b,new_tutorial_test,A
d7-_23c5_9b8,new_tutorial_test,A
07740507d229,new_tutorial_test,A
5f653_f7cfa8,new_tutorial_test,A
-_89b521_bb5,new_tutorial_test,A
-5b06-41b-5a,new_tutorial_test,A
10-58d1d50_1,new_tutorial_test,A
8477-9d-cf03,new_tutorial_test,A
54-9168a_5-_,new_tutorial_test,A
_4233d152196,new_tutorial_test,A
88afd00788ca,new_tutorial_test,A
2a_813259f1_,new_tutorial_test,A
3835a4bb-64_,new_tutorial_test,A
fb-849a3948c,new_tutorial_test,A
-6d3-463c67_,new_tutorial_test,A
-63c852aa428,new_tutorial_test,A
_c4a4-bdf4b_,new_tutorial_test,A
_2a46f02-1bf,new_tutorial_test,A
196ca65a02bd,new_tutorial_test,A
6177762df1c0,new_tutorial_test,A
319a297d66d7,new_tutorial_test,A
bc_a7-3aa2d4,new_tutorial_test,A
bab16186c75c,new_tutorial_test,A
3861fb86d50b,new_tutorial_test,A
-_52f147_bf6,new_tutorial_test,A
db0746-7a--5,new_tutorial_test,A
086673fa_1ad,new_tutorial_test,A
b74f2fb_ba-c,new_tutorial_test,A
523622d86c-2,new_tutorial_test,A
5b8704a1d-d0,new_tutorial_test,A
5_2778f03848,new_tutorial_test,A
5c21644bf-1c,new_tutorial_test,A
5469-56d-f66,new_tutorial_test,A
286a0_992bba,new_tutorial_test,A
0141_ad2994d,new_tutorial_test,A
baa4f2aa-157,new_tutorial_test,A
89822213f5ca,new_tutorial_test,A
14f1c_-7bcd3,new_tutorial_test,A
a6__59-89bc3,new_tutorial_test,A
c00_79-9-85f,new_tutorial_test,A
9bd2421d3735,new_tutorial_test,A
6523945ff998,new_tutorial_test,A
9749-1-f9_86,new_tutorial_test,A
d46fc989c02_,new_tutorial_test,A
8-5337b20_77,new_tutorial_test,A
5c2_ba0c_c07,new_tutorial_test,A
c387907da5a2,new_tutorial_test,A
146885b7_174,new_tutorial_test,A
b28834b2512-,new_tutorial_test,A
62fcf1_d57b8,new_tutorial_test,A
77759-d1--_b,new_tutorial_test,A
__a3_8-c552_,new_tutorial_test,A
38f-0988970f,new_tutorial_test,A
119dc22-f3_b,new_tutorial_test,A
ca893ab806b4,new_tutorial_test,A
cdd57060d0b6,new_tutorial_test,A
0f617_9-a37d,new_tutorial_test,A
6f4__ab-c1d0,new_tutorial_test,A
bb-d7f2babaf,new_tutorial_test,A
8b1ca7c_98af,new_tutorial_test,A
d048bb4a42_d,new_tutorial_test,A
862__269_8c0,new_tutorial_test,A
1adc74a-8586,new_tutorial_test,A
_f36f2c5_f2c,new_tutorial_test,A
f2ac2f2b67c2,new_tutorial_test,A
38-d_2f5d2b1,new_tutorial_test,A
8c88bd-39-1d,new_tutorial_test,A
4b5213a_521c,new_tutorial_test,A
19fccd3_3-f_,new_tutorial_test,A
d854b8720_49,new_tutorial_test,A
57c-74cf9569,new_tutorial_test,A
2230343b1d8c,new_tutorial_test,A
1c694_1f1a2b,new_tutorial_test,A
a0b5b7216936,new_tutorial_test,A
ff_a43bf783b,new_tutorial_test,A
4_45621-429d,new_tutorial_test,A
6bd0a3f805d9,new_tutorial_test,A
d6ac25b9_907,new_tutorial_test,A
6fb507cdd70f,new_tutorial_test,A
00-ac72-1cd9,new_tutorial_test,A
_85f9d6aa11d,new_tutorial_test,A
7cb69d0_74b4,new_tutorial_test,A
7903c6f9baab,new_tutorial_test,A
0c524683d_92,new_tutorial_test,A
-dc_c5842005,new_tutorial_test,A
2adbf165a110,new_tutorial_test,A
f689134a_ab0,new_tutorial_test,A
8_bcf6135d28,new_tutorial_test,A
b83f4b76866_,new_tutorial_test,A
5__455aba2d_,new_tutorial_test,A
b13061fb457d,new_tutorial_test,A
89b520f5-995,new_tutorial_test,A
cf85133b6bb3,new_tutorial_test,A
2f73169bc-__,new_tutorial_test,A
91c8-ad43cd8,new_tutorial_test,A
ff4-5086addf,new_tutorial_test,A
3c-b_1a91196,new_tutorial_test,A
86ad_20909_6,new_tutorial_test,A
d490d3-21984,new_tutorial_test,A
11110a0-5a0_,new_tutorial_test,A
b1769d0a053-,new_tutorial_test,A
4d2_c01740d5,new_tutorial_test,A
27587d4a3-f1,new_tutorial_test,A
a1a0a8d-f71b,new_tutorial_test,A
f8d739a935f_,new_tutorial_test,A
fc-3a7-084f1,new_tutorial_test,A
9f95f7c5a-8d,new_tutorial_test,A
2bcb1c0-0bb8,new_tutorial_test,A
154dc858b9ba,new_tutorial_test,A
29d5c_99498a,new_tutorial_test,A
4d2cda-90c06,new_tutorial_test,A
6a07b79b2bd9,new_tutorial_test,A
f_4f8da-b440,new_tutorial_test,A
c65db60a5d44,new_tutorial_test,A
07828bf-_819,new_tutorial_test,A
885d2f3_601b,new_tutorial_test,A
bc26fc76-0--,new_tutorial_test,A
0_455c9_b42d,new_tutorial_test,A
3-c08-828_5b,new_tutorial_test,A
2-36bf07_b0_,new_tutorial_test,A
a43_b6_1fb16,new_tutorial_test,A
-28597a60f53,new_tutorial_test,A
3666d4218_bb,new_tutorial_test,A
33a_b_c74a-8,new_tutorial_test,A
344-4_9d-0d-,new_tutorial_test,A
af380f035348,new_tutorial_test,A
7bd981485b1b,new_tutorial_test,A
26a8_-0abb-4,new_tutorial_test,A
3c0076328a29,new_tutorial_test,B
25f24_c_64b_,new_tutorial_test,B
235afa010871,new_tutorial_test,B
f83-594d6_02,new_tutorial_test,B
a87094d424bf,new_tutorial_test,B
1366a8d73bbb,new_tutorial_test,B
73241-39ca6c,new_tutorial_test,B
d86f8a53_0b8,new_tutorial_test,B
d693-4bda4f7,new_tutorial_test,B
563f-7_-f760,new_tutorial_test,B
--239dc2c4d-,new_tutorial_test,B
cf10d75f7dc6,new_tutorial_test,B
7fc-8f3142c7,new_tutorial_test,B
7495c1247a87,new_tutorial_test,B
4389_f3093ab,new_tutorial_test,B
533b3d08a2c3,new_tutorial_test,B
5f-c38b448d8,new_tutorial_test,B
608fa3f_a5-c,new_tutorial_test,B
c66564ba8a-8,new_tutorial_test,B
dcc64a8cc904,new_tutorial_test,B
40b33_45f_-7,new_tutorial_test,B
200_150f9bb7,new_tutorial_test,B
0750462823b6,new_tutorial_test,B
58ca8d27-fca,new_tutorial_test,B
-0f10bc6a-08,new_tutorial_test,B
9_faf443103f,new_tutorial_test,B
7a63a6f4d-67,new_tutorial_test,B
2688d6251d9c,new_tutorial_test,B
21d-108559-c,new_tutorial_test,B
318ff90a429b,new_tutorial_test,B
f8f_843_90db,new_tutorial_test,B
26c5538a65_2,new_tutorial_test,B
01c1_2_f8_67,new_tutorial_test,B
9fb_c_0aa529,new_tutorial_test,B
47f6-4-db052,new_tutorial_test,B
-2262f8595d9,new_tutorial_test,B
1b-9ff143612,new_tutorial_test,B
5_8fafd8d434,new_tutorial_test,B
8847-b2-8bb6,new_tutorial_test,B
d9612573a_99,new_tutorial_test,B
3b788_838_23,new_tutorial_test,B
ab9a184c45a5,new_tutorial_test,B
200078c52a0a,new_tutorial_test,B
cc-43803-320,new_tutorial_test,B
44c82c52ba22,new_tutorial_test,B
a48413_d50d6,new_tutorial_test,B
6_893338374c,new_tutorial_test,B
6392da008a45,new_tutorial_test,B
df64a91b_22a,new_tutorial_test,B
22d0ab8d_9--,new_tutorial_test,B
05-c921c97_3,new_tutorial_test,B
8f1-51-adc1f,new_tutorial_test,B
44f361_25fc7,new_tutorial_test,B
1a101df7fcba,new_tutorial_test,B
ac7-66f19f-d,new_tutorial_test,B
0660-1-d8054,new_tutorial_test,B
34-5a82142a2,new_tutorial_test,B
5179d99c3_2_,new_tutorial_test,B
7c12-7_5d1-4,new_tutorial_test,B
_5-785423646,new_tutorial_test,B
b78217436__-,new_tutorial_test,B
8d__9261a164,new_tutorial_test,B
_9209ff2980c,new_tutorial_test,B
791df482a7f8,new_tutorial_test,B
-6698c_02d-f,new_tutorial_test,B
b9_20495b617,new_tutorial_test,B
8d6_8_889b--,new_tutorial_test,B
fcd1a_9d206b,new_tutorial_test,B
__9f5919-b3d,new_tutorial_test,B
2523138faf17,new_tutorial_test,B
b2fd76-55-78,new_tutorial_test,B
d3ad4b-a611_,new_tutorial_test,B
8d27b72125b8,new_tutorial_test,B
944871f62cf2,new_tutorial_test,B
6_-ba3_d5ad8,new_tutorial_test,B
7__c772a2755,new_tutorial_test,B
_f4c3-4f_7a4,new_tutorial_test,B
da5c-9--0831,new_tutorial_test,B
885539_6ba71,new_tutorial_test,B
5_bc6019220-,new_tutorial_test,B
1a64-cdfc2_7,new_tutorial_test,B
-9cb1334b459,new_tutorial_test,B
50a350_a8-6b,new_tutorial_test,B
f447_cf442dc,new_tutorial_test,B
af5_-838-a_d,new_tutorial_test,B
222d_f274081,new_tutorial_test,B
3b4cac9c8a_d,new_tutorial_test,B
-9_daf099fb0,new_tutorial_test,B
b67410fb826a,new_tutorial_test,B
1cbcc73c6f0a,new_tutorial_test,B
c0d5028-9354,new_tutorial_test,B
1695d0b_6862,new_tutorial_test,B
d70c744d-db2,new_tutorial_test,B
-1c1f_9d1_6b,new_tutorial_test,B
119-a7f7774_,new_tutorial_test,B
91d8_-d96377,new_tutorial_test,B
6d94d19a74c8,new_tutorial_test,B
a74f5336f4fb,new_tutorial_test,B
570ca347f93f,new_tutorial_test,B
7327_bb0432c,new_tutorial_test,B
d76bc7407966,new_tutorial_test,B
3a158d474b2-,new_tutorial_test,B
38_b89ca_fac,new_tutorial_test,B
-b4_fd_a146c,new_tutorial_test,B
d-09a0352_98,new_tutorial_test,B
9b2b-95b2c12,new_tutorial_test,B
67-610860b7-,new_tutorial_test,B
8a4746d5c784,new_tutorial_test,B
3_-f71b26_09,new_tutorial_test,B
915-7afcb625,new_tutorial_test,B
33a138651323,new_tutorial_test,B
248ac31b8dfc,new_tutorial_test,B
fbf2-cd4319_,new_tutorial_test,B
f7c0_f32b_99,new_tutorial_test,B
18036aa-34b8,new_tutorial_test,B
d0004b_a5-67,new_tutorial_test,B
_b15a-455379,new_tutorial_test,B
95df52c4186c,new_tutorial_test,B
1a_d4--103d0,new_tutorial_test,B
873461bbb444,new_tutorial_test,B
dcf_2d6ffa05,new_tutorial_test,B
8ca21-d5--63,new_tutorial_test,B
a_65_866_844,new_tutorial_test,B
23ac69a699-5,new_tutorial_test,B
a_a2a84f5af8,new_tutorial_test,B
8_341d14c584,new_tutorial_test,B
c813-2312a-c,new_tutorial_test,B
c0c18da5bf_2,new_tutorial_test,B
a5999b9a7_30,new_tutorial_test,B
1a09d__44a68,new_tutorial_test,B
b0b1f_8b-746,new_tutorial_test,B
915b1c056524,new_tutorial_test,B
4d-1343_-815,new_tutorial_test,B
6a891192_8d9,new_tutorial_test,B
47a276f54550,new_tutorial_test,B
ba3_d0fa1996,new_tutorial_test,B
6f9_-afa2-f-,new_tutorial_test,B
442329f2-26_,new_tutorial_test,B
02af6-9b6a52,new_tutorial_test,B
7-8adad0ccf-,new_tutorial_test,B
a_-b36_7b6b_,new_tutorial_test,B
bd148f51192d,new_tutorial_test,B
6_1-04fd4108,new_tutorial_test,B
7b14483_-a38,new_tutorial_test,B
cc2add4b381a,new_tutorial_test,B
0d794c43a65b,new_tutorial_test,B
2455b4_6_020,new_tutorial_test,B
827bab5_2608,new_tutorial_test,B
_a3c976b-aab,new_tutorial_test,B
c7398a-d404b,new_tutorial_test,B
78f8_67bc49b,new_tutorial_test,B
-c1a9d8cfa07,new_tutorial_test,B
2d18ab7f728c,new_tutorial_test,B
22585c91_da6,new_tutorial_test,B
94-95a354ab6,new_tutorial_test,B
b-_b-6b_5_ad,new_tutorial_test,B
dbd2_a_42497,new_tutorial_test,B
7-2c60b0f0__,new_tutorial_test,B
-51-5248a1ab,new_tutorial_test,B
dbaa803a625f,new_tutorial_test,B
4f_a147d1-2d,new_tutorial_test,B
20d522dda59a,new_tutorial_test,B
b8c2d7ff037c,new_tutorial_test,B
721a9fa123-6,new_tutorial_test,B
f41fba1358a6,new_tutorial_test,B
40c63dfa5d5b,new_tutorial_test,B
_6cf-0_38fd6,new_tutorial_test,B
1_7c130b_84b,new_tutorial_test,B
9d2dfd5_b_-6,new_tutorial_test,B
fdf142829_c_,new_tutorial_test,B
a6adc35_147d,new_tutorial_test,B
1fd1f21d9_15,new_tutorial_test,B
5a87891253da,new_tutorial_test,B
92135110b6_1,new_tutorial_test,B
8913f38ca807,new_tutorial_test,B
-4-f20-f6d24,new_tutorial_test,B
a0-d4-457f14,new_tutorial_test,B
8f7929725a71,new_tutorial_test,B
38f6_8129-85,new_tutorial_test,B
-_23a88ab12d,new_tutorial_test,B
d18880b_f1c5,new_tutorial_test,B
0a-b11a_--16,new_tutorial_test,B
21b0658c1bf-,new_tutorial_test,B
-77-578c2b8c,new_tutorial_test,B
38cf0849b79-,new_tutorial_test,B
369ac__5c704,new_tutorial_test,B
01f-83d19593,new_tutorial_test,B
1054bb33-108,new_tutorial_test,B
d949_514-3bd,new_tutorial_test,B
__a15_dbf875,new_tutorial_test,B
5253bf44_d39,new_tutorial_test,B
9-144cac4_3f,new_tutorial_test,B
f_39_-ba3c_f,new_tutorial_test,B
3_aba4_998c9,new_tutorial_test,B
bfc4b_0671-4,new_tutorial_test,B
_6-a56f752f4,new_tutorial_test,B
43a1-52_f968,new_tutorial_test,B
2bf31d16-09_,new_tutorial_test,B
d5714f7bb4d-,new_tutorial_test,B
cd2--__f681-,new_tutorial_test,B
945346248a8a,new_tutorial_test,B
4b7870189f5d,new_tutorial_test,B
9432611-adda,new_tutorial_test,B
03f87d7c925f,new_tutorial_test,B
1b3d84261d__,new_tutorial_test,B
d-b1-55786-0,new_tutorial_test,B
0-0--88cd0cc,new_tutorial_test,B
173f325d-1d4,new_tutorial_test,B
3543b0c-4368,new_tutorial_test,B
a5013-cad4b9,new_tutorial_test,B
ff4c279cd4b0,new_tutorial_test,B
_6ad85d65f6a,new_tutorial_test,B
_7b18a0a2-97,new_tutorial_test,B
41f853-7df40,new_tutorial_test,B
f528048ad_9f,new_tutorial_test,B
fffa52af06d-,new_tutorial_test,B
0d6174b93-da,new_tutorial_test,B
0_-f60b72f-7,new_tutorial_test,B
f3a18c-db5_5,new_tutorial_test,B
4abf4-d_cab4,new_tutorial_test,B
0170-ff21_d5,new_tutorial_test,B
844089bd0748,new_tutorial_test,B
0-245_5b6-47,new_tutorial_test,B
b-ac_9bf589b,new_tutorial_test,B
113169fd13f5,new_tutorial_test,B
703fa3cf4f9f,new_tutorial_test,B
667ad8183b8_,new_tutorial_test,B
c-cb9_1ab2-7,new_tutorial_test,B
79b638a37-d0,new_tutorial_test,B
c2-832d_3a38,new_tutorial_test,B
a0_b82b84022,new_tutorial_test,B
-57-48-c09_1,new_tutorial_test,B
1-cd1536caa-,new_tutorial_test,B
c224635cb--2,new_tutorial_test,B
0abd8d766db4,new_tutorial_test,B
__96c0214a60,new_tutorial_test,B
70b6f1db4255,new_tutorial_test,B
60-67464-af7,new_tutorial_test,B
61-c45-c95b3,new_tutorial_test,B
243131ad8d78,new_tutorial_test,B
bf_c5f6cf5f2,new_tutorial_test,B
a2-ad32b2df_,new_tutorial_test,B
9_c140d9703b,new_tutorial_test,B
_dd374bc456d,new_tutorial_test,B
9342ac05ffbd,new_tutorial_test,B
-8a292698f_0,new_tutorial_test,B
_8a0704a32ba,new_tutorial_test,B
fd011-76c47c,new_tutorial_test,B
9b49304_fb_1,new_tutorial_test,B
744ab572956c,new_tutorial_test,B
59_d_c57a27_,new_tutorial_test,B
-6909-df4509,new_tutorial_test,B
5cfa00cf53d-,new_tutorial_test,B
5a6b00a23a4_,new_tutorial_test,B
a919552c-9bb,new_tutorial_test,B
32c3a55698_d,new_tutorial_test,B
dcb-56595df6,new_tutorial_test,B
d45-cd0562_7,new_tutorial_test,B
-4c2b4175ac_,new_tutorial_test,B
61a71d02138_,new_tutorial_test,B
58244200d12d,new_tutorial_test,B
4-_d2b1c50d-,new_tutorial_test,B
a-1_f8d360f9,new_tutorial_test,B
80ab444_db3c,new_tutorial_test,B
06430_d7f6c3,new_tutorial_test,B
9__3d69b-a9b,new_tutorial_test,B
bdad_db054ad,new_tutorial_test,B
4c31-_6fa40b,new_tutorial_test,B
059c7bf-1149,new_tutorial_test,B
97429524_0_0,new_tutorial_test,B
c73d9567b4_d,new_tutorial_test,B
0_--48dc132-,new_tutorial_test,B
ffa9b4f4a161,new_tutorial_test,B
8-3a1-c_3ff7,new_tutorial_test,B
5834f93686cd,new_tutorial_test,B
dd38d-fdc7-d,new_tutorial_test,B
8-1_-5df058-,new_tutorial_test,B
_-236d80a90f,new_tutorial_test,B
99858663--ca,new_tutorial_test,B
7_2_7cf736_7,new_tutorial_test,B
_f-_0-3346a9,new_tutorial_test,B
c5_5_df571c4,new_tutorial_test,B
-20b0b5c20b4,new_tutorial_test,B
694259377f21,new_tutorial_test,B
07248dd0f05d,new_tutorial_test,B
776b3_7-5646,new_tutorial_test,B
919_8f9d0ba2,new_tutorial_test,B
62f4d_d6c947,new_tutorial_test,B
51fd1-_-11b-,new_tutorial_test,B
007_386_840_,new_tutorial_test,B
_62f_f23425-,new_tutorial_test,B
bafd4b-_487-,new_tutorial_test,B
a1d238d-a7-2,new_tutorial_test,B
d2284c_bff05,new_tutorial_test,B
5110d3558d-f,new_tutorial_test,B
8bd-92_8c89f,new_tutorial_test,B
f-7-1348701b,new_tutorial_test,B
f_0_20026a45,new_tutorial_test,B
b7_014_1__f9,new_tutorial_test,B
c6986b569232,new_tutorial_test,B
535f511cb33_,new_tutorial_test,B
8c5a152f7b51,new_tutorial_test,B
-6f5-ab069b8,new_tutorial_test,B
-6c1b428b7-0,new_tutorial_test,B
f_962-b0d3-3,new_tutorial_test,B
cdb51619c063,new_tutorial_test,B
f97f7--941a-,new_tutorial_test,B
_7319bb-f201,new_tutorial_test,B
7ac7274f14_6,new_tutorial_test,B
d4bd5086fb42,new_tutorial_test,B
f8b48c8b35b-,new_tutorial_test,B
55dd49677f7a,new_tutorial_test,B
542418-f2d60,new_tutorial_test,B
777b11081757,new_tutorial_test,B
-42-364a017f,new_tutorial_test,B
_f6-fa9331-6,new_tutorial_test,B
81a34f3080-6,new_tutorial_test,B
5f90ad815815,new_tutorial_test,B
3b-_04b0b9c1,new_tutorial_test,B
7-f3a5a--dd4,new_tutorial_test,B
0d2d67-575_b,new_tutorial_test,B
00c01_fd5da3,new_tutorial_test,B
891f38cac2aa,new_tutorial_test,B
5b84618a11_9,new_tutorial_test,B
83d0cd6cc019,new_tutorial_test,B
071bbda18f7-,new_tutorial_test,B
76ac05b8_f44,new_tutorial_test,B
86970920-872,new_tutorial_test,B
910b-03-c8b5,new_tutorial_test,B
32ba_43_0dc1,new_tutorial_test,B
-735-828_331,new_tutorial_test,B
f28-52dad8b0,new_tutorial_test,B
46139ca60b08,new_tutorial_test,B
b81077b23f51,new_tutorial_test,B
230348-f8a53,new_tutorial_test,B
18-123bfff5a,new_tutorial_test,B
bc55-65b1686,new_tutorial_test,B
75_ad2fda06_,new_tutorial_test,B
5b039ab11944,new_tutorial_test,B
a894_-70118b,new_tutorial_test,B
da6b0c677bcb,new_tutorial_test,B
_76a7a-4df8d,new_tutorial_test,B
ba8d1116f19c,new_tutorial_test,B
074438ac6431,new_tutorial_test,B
29_19d16_352,new_tutorial_test,B
da325985344a,new_tutorial_test,B
10_6_a0_9c9c,new_tutorial_test,B
d22-5ac650d7,new_tutorial_test,B
991df19_24a3,new_tutorial_test,B
09ff44396a52,new_tutorial_test,B
937c-7-b2-89,new_tutorial_test,B
d78b17-6bb5a,new_tutorial_test,B
__ba09c1d__d,new_tutorial_test,B
0-3819f2b05-,new_tutorial_test,B
f63a7f7b28-0,new_tutorial_test,B
2dd9_6c54b78,new_tutorial_test,B
b5fa3683_292,new_tutorial_test,B
2fb0_3a89a4_,new_tutorial_test,B
a0d0b130_4ba,new_tutorial_test,B
97bca4a13978,new_tutorial_test,B
-40bb41_cacf,new_tutorial_test,B
d367f0d238b4,new_tutorial_test,B
_2afa7ff2c26,new_tutorial_test,B
fb9619-98269,new_tutorial_test,B
1d7668-7f81-,new_tutorial_test,B
_2a88d02f549,new_tutorial_test,B
c8a____38c92,new_tutorial_test,B
9-367d2c410_,new_tutorial_test,B
_61da9d09-4_,new_tutorial_test,B
8d0b4d_83-93,new_tutorial_test,B
-df7f-ab3b44,new_tutorial_test,B
14352b42dfb_,new_tutorial_test,B
49b_29a5a_a6,new_tutorial_test,B
fb82b--01c93,new_tutorial_test,B
d51_71164c6d,new_tutorial_test,B
bd89b74adf4-,new_tutorial_test,B
-2-_cbf3ab_0,new_tutorial_test,B
83_2a246cfa_,new_tutorial_test,B
d-6d2-_00d-9,new_tutorial_test,B
fba-405a4-7-,new_tutorial_test,B
b-3-ac1ffa0-,new_tutorial_test,B
73f32d1941f-,new_tutorial_test,B
dc5a03c10a50,new_tutorial_test,B
a9-9fb226-7a,new_tutorial_test,B
4a50aaa27d1c,new_tutorial_test,B
7d8_043f1770,new_tutorial_test,B
f7011fcf348c,new_tutorial_test,B
ca97578f2467,new_tutorial_test,B
3_06-9950b68,new_tutorial_test,B
c29-5068d648,new_tutorial_test,B
71bf21-22929,new_tutorial_test,B
-27_b710278c,new_tutorial_test,B
810599641-27,new_tutorial_test,B
44_7c6f_81b6,new_tutorial_test,B
d-5_c0dd6-9f,new_tutorial_test,B
34d9880_a340,new_tutorial_test,B
dffcbcdf85fb,new_tutorial_test,B
0c192715b0-b,new_tutorial_test,B
56b55f521111,new_tutorial_test,B
8107581f4324,new_tutorial_test,B
756df00-c-78,new_tutorial_test,B
cad1c441f391,new_tutorial_test,B
c4f-1--dca35,new_tutorial_test,B
c2f6327c823c,new_tutorial_test,B
-1c494666-9c,new_tutorial_test,B
a158a99a6f0f,new_tutorial_test,B
43745a_0a3b4,new_tutorial_test,B
-59f050-773_,new_tutorial_test,B
_7-26_7-c-08,new_tutorial_test,B
5bf3cad322f6,new_tutorial_test,B
7fd020f301-_,new_tutorial_test,B
c9_-b85b79a8,new_tutorial_test,B
047_15--d_5_,new_tutorial_test,B
7b_64_7c87c8,new_tutorial_test,B
c9-2b8c36_59,new_tutorial_test,B
c833799a427a,new_tutorial_test,B
a252a9-b57db,new_tutorial_test,B
52_7c45-0_8-,new_tutorial_test,B
b04a0f328ac7,new_tutorial_test,B
_6cdc03a06c0,new_tutorial_test,B
f5f2_d57a16b,new_tutorial_test,B
dd269fcb7554,new_tutorial_test,B
3_-f7f38271-,new_tutorial_test,B
dd1b8fac17a6,new_tutorial_test,B
943844_1f_6-,new_tutorial_test,B
7a690766dd50,new_tutorial_test,B
60c-c_1bbb34,new_tutorial_test,B
-90ca388546f,new_tutorial_test,B
4fcbdd2-2_c9,new_tutorial_test,B
-d3f1c74c-5c,new_tutorial_test,B
b7bd3ffab224,new_tutorial_test,B
163f22590-2b,new_tutorial_test,B
264057_f3fb6,new_tutorial_test,B
d19ad867_564,new_tutorial_test,B
7f694-f7450d,new_tutorial_test,B
4_79035ba3-c,new_tutorial_test,B
86d23a82a462,new_tutorial_test,B
fa6a3aaa3d__,new_tutorial_test,B
adf_9d8f5514,new_tutorial_test,B
20860151_1a9,new_tutorial_test,B
1-dccda5_615,new_tutorial_test,B
f8-56b95167_,new_tutorial_test,B
44c_53334344,new_tutorial_test,B
6c4224f-93a9,new_tutorial_test,B
10c0-747f7ab,new_tutorial_test,B
09995c853-a-,new_tutorial_test,B
43c3283b1ac_,new_tutorial_test,B
57-f40432b47,new_tutorial_test,B
db15883-389-,new_tutorial_test,B
985787fb3b_2,new_tutorial_test,B
7bfd9b0d2d8b,new_tutorial_test,B
c390ab0_9cba,new_tutorial_test,B
0878bf561b-4,new_tutorial_test,B
_63672bd12-5,new_tutorial_test,B
c2b2d_-66958,new_tutorial_test,B
b-f6-98590bb,new_tutorial_test,B
7c48c2f45_3d,new_tutorial_test,B
_1cb_38af4_6,new_tutorial_test,B
b_59746b1fa0,new_tutorial_test,B
8c382c50ad8c,new_tutorial_test,B
bd59_-610383,new_tutorial_test,B
1a53269d88d9,new_tutorial_test,B
9_646614_-d8,new_tutorial_test,B
61a033_26b-4,new_tutorial_test,B
5c478f90_71_,new_tutorial_test,B
4b482c0cf9a2,new_tutorial_test,B
8_f50-a3b0-9,new_tutorial_test,B
b58fd_55c0f-,new_tutorial_test,B
0cb1_f0d23_1,new_tutorial_test,B
_fd-1-0_0533,new_tutorial_test,B
b589f4715a-3,new_tutorial_test,B
9c0d6cbcd-43,new_tutorial_test,B
_f413fd5ad49,new_tutorial_test,B
664148b589a2,new_tutorial_test,B
_fad58d5d29a,new_tutorial_test,B
625_666baf1-,new_tutorial_test,B
83ac33-59960,new_tutorial_test,B
94_d46a-24d9,new_tutorial_test,B
_--acf3ca30c,new_tutorial_test,B
1-26ad1ab628,new_tutorial_test,B
67dd5c21426a,new_tutorial_test,B
_8d8d7bf4819,new_tutorial_test,B
dc9c311fa851,new_tutorial_test,B
3b-58b728098,new_tutorial_test,B
61f33_83241b,new_tutorial_test,B
6cd081c_d343,new_tutorial_test,B
bfc-6336f4a0,new_tutorial_test,B
_35882d8c97-,new_tutorial_test,B
281d87b7-1-1,new_tutorial_test,B
bb7ac7207253,new_tutorial_test,B
d78b948b9397,new_tutorial_test,B
2c_12ca40a_4,new_tutorial_test,B
bda3_f1_48a5,new_tutorial_test,B
b356ca7522_1,new_tutorial_test,B
f39b5bc1-2d0,new_tutorial_test,B
a-dbd4-2_914,new_tutorial_test,B
f4_fa-7_fab5,new_tutorial_test,B
__263909-589,new_tutorial_test,B
ad-c5_264505,new_tutorial_test,B
6d7f6593fb-f,new_tutorial_test,B
3f8b18035341,new_tutorial_test,B
6d-267f93fac,new_tutorial_test,B
8_77393b07d8,new_tutorial_test,B
b4_63-222f_3,new_tutorial_test,B
06_2cc-_146b,new_tutorial_test,B
ca056cf0827f,new_tutorial_test,B
-9643d0cf5fb,new_tutorial_test,B
d3294_-535bc,new_tutorial_test,B
1d9740--_7b-,new_tutorial_test,B
a84a1664b-fd,new_tutorial_test,B
211a4f0_0333,new_tutorial_test,B
2ac_8d5c6b8b,new_tutorial_test,B
ac2cf06575d8,new_tutorial_test,B
c-6549_c253-,new_tutorial_test,B
a150_d-4_42-,new_tutorial_test,B
f6_37bab98_6,new_tutorial_test,B
35d595a38b04,new_tutorial_test,B
_330c3-74647,new_tutorial_test,B
2_615f48-f3c,new_tutorial_test,B
75d23c5b61a0,new_tutorial_test,B
b2b119__-a1_,new_tutorial_test,B
1_ba239a32-7,new_tutorial_test,B
46877fb2f6df,new_tutorial_test,B
102943555cb8,new_tutorial_test,B
b7ab89dbc255,new_tutorial_test,B
df84f8229843,new_tutorial_test,B
f0c01a7d5320,new_tutorial_test,B
38711a-8f9-7,new_tutorial_test,B
f_1f3aac_d55,new_tutorial_test,B
2_d--03b6235,new_tutorial_test,B
4d342d4c3f6a,new_tutorial_test,B
532cb713c260,new_tutorial_test,B
cc68aa1d3970,new_tutorial_test,B
63690032f579,new_tutorial_test,B
5d0b83bdbb84,new_tutorial_test,B
2d083d888_fd,new_tutorial_test,B
2_8ad19-72fb,new_tutorial_test,B
ccb5-7-793f7,new_tutorial_test,B
a9b6a1cb7d09,new_tutorial_test,B
-865f2a8fc-9,new_tutorial_test,B
_f-d8af91dbc,new_tutorial_test,B
50-_0c7_6560,new_tutorial_test,B
1f-3136624af,new_tutorial_test,B
ad60348d5d4-,new_tutorial_test,B
73-3176f1690,new_tutorial_test,B
c_0-d-453f14,new_tutorial_test,B
a2fd7367cbf-,new_tutorial_test,B
-5763fb71779,new_tutorial_test,B
-f71-1f__-7f,new_tutorial_test,B
7173d-d39117,new_tutorial_test,B
6af9868-53_d,new_tutorial_test,B
1a2c57_27b11,new_tutorial_test,B
-40c03c24469,new_tutorial_test,B
0a37c__b0478,new_tutorial_test,B
c138628df4bf,new_tutorial_test,B
ff71-b-__76d,new_tutorial_test,B
2a704038a35f,new_tutorial_test,B
a2_23a4791c7,new_tutorial_test,B
920421-6-060,new_tutorial_test,B
_-266085_05d,new_tutorial_test,B
21877363f-9-,new_tutorial_test,B
1d47c9f47b-8,new_tutorial_test,B
639f35c_92_b,new_tutorial_test,B
_78-440-480f,new_tutorial_test,B
0-c2156-576_,new_tutorial_test,B
dd1ab0f537a1,new_tutorial_test,B
6064df21bd8c,new_tutorial_test,B
674-b5512-d9,new_tutorial_test,B
c48448f92b5_,new_tutorial_test,B
21782a47a003,new_tutorial_test,B
39448371832_,new_tutorial_test,B
240f984-316d,new_tutorial_test,B
bc__c_212d2-,new_tutorial_test,B
c_3_4-af0_bf,new_tutorial_test,B
85dfc0_22f2-,new_tutorial_test,B
45cd2cbb341-,new_tutorial_test,B
bcb6_4b2_98d,new_tutorial_test,B
c9d512667b3a,new_tutorial_test,B
80c1054415a-,new_tutorial_test,B
-0b647bc3a1c,new_tutorial_test,B
2b21_d15c9a9,new_tutorial_test,B
3_229d4f06ca,new_tutorial_test,B
5dc7-12944_8,new_tutorial_test,B
9f98_52b63ff,new_tutorial_test,B
829712fbfbb1,new_tutorial_test,B
3-fb179-8420,new_tutorial_test,B
bca12f-53803,new_tutorial_test,B
426ff9b4_594,new_tutorial_test,B
_cc-62f59bc7,new_tutorial_test,B
-a_036_10_ad,new_tutorial_test,B
13c93-50b452,new_tutorial_test,B
-245143503b5,new_tutorial_test,B
f958c2247d79,new_tutorial_test,B
6f7f16fbab7b,new_tutorial_test,B
66175308-752,new_tutorial_test,B
_7447f81d--2,new_tutorial_test,B
634_f0330ac0,new_tutorial_test,B
522_2898-1f0,new_tutorial_test,B
f5a32fb68a79,new_tutorial_test,B
b650a0f3a087,new_tutorial_test,B
9b-7-40fb5da,new_tutorial_test,B
9b9c83aaf824,new_tutorial_test,B
d4ac0b94c99c,new_tutorial_test,B
96-b668b89d6,new_tutorial_test,B
d2f94059d_ff,new_tutorial_test,B
11b8b6bd5ba1,new_tutorial_test,B
6c4bf-d39_34,new_tutorial_test,B
563af27_24b8,new_tutorial_test,B
3bf9-c0-c0fd,new_tutorial_test,B
-_b-d939-028,new_tutorial_test,B
1848cc324986,new_tutorial_test,B
230cf30770aa,new_tutorial_test,B
96a535483cf4,new_tutorial_test,B
1658-d13cad4,new_tutorial_test,B
c72550d3948d,new_tutorial_test,B
-6f246-5f9fd,new_tutorial_test,B
4c3f2b15c1a7,new_tutorial_test,B
1c8_a32710df,new_tutorial_test,B
866-c_81f361,new_tutorial_test,B
79ff3901a7-f,new_tutorial_test,B
24f6a7a9bc_c,new_tutorial_test,B
49_6992422cc,new_tutorial_test,B
337a307a67d0,new_tutorial_test,B
1--b-ba514a6,new_tutorial_test,B
7c70-d43add5,new_tutorial_test,B
8-bd524-b82c,new_tutorial_test,B
2d87f650d48d,new_tutorial_test,B
fb980090cbf-,new_tutorial_test,B
-88cd0024afd,new_tutorial_test,B
c76da2-d108d,new_tutorial_test,B
3__32_4f2838,new_tutorial_test,B
b60667-74a5a,new_tutorial_test,B
_c5947791d80,new_tutorial_test,B
__06d563adf4,new_tutorial_test,B
df77715760-b,new_tutorial_test,B
c87__fa55258,new_tutorial_test,B
_29fa2fdd2f9,new_tutorial_test,B
4566582--5dd,new_tutorial_test,B
_4f-9_-8-f35,new_tutorial_test,B
8f9ff990f127,new_tutorial_test,B
a1795fc5d-26,new_tutorial_test,B
fbb5f466b1c7,new_tutorial_test,B
b_9aadd6b--f,new_tutorial_test,B
-565c71b50c9,new_tutorial_test,B
8b_61-f-6cd_,new_tutorial_test,B
d53c2736_34b,new_tutorial_test,B
ba0fa91f6d7a,new_tutorial_test,B
994-1b-af849,new_tutorial_test,B
001d6--54137,new_tutorial_test,B
2f971fff7c64,new_tutorial_test,B
_5910d7203dd,new_tutorial_test,B
93921fdcb6_7,new_tutorial_test,B
60453013b473,new_tutorial_test,B
71341a86a-78,new_tutorial_test,B
-375b5aacb3a,new_tutorial_test,B
00bc74636dd3,new_tutorial_test,B
307044_4c1d6,new_tutorial_test,B
b6aa387a24d-,new_tutorial_test,B
19372dc61a-5,new_tutorial_test,B
f2c-b0381f__,new_tutorial_test,B
747-9a9541da,new_tutorial_test,B
cc-a61a0bb2-,new_tutorial_test,B
09a72a4b866_,new_tutorial_test,B
fd23_b-94712,new_tutorial_test,B
-b23ff-d407b,new_tutorial_test,B
2_15c2044c10,new_tutorial_test,B
b__2a982d405,new_tutorial_test,B
81a-_27b2-0-,new_tutorial_test,B
4f38c8c4f-f_,new_tutorial_test,B
1495b-9b69fc,new_tutorial_test,B
6-d60c83f_-2,new_tutorial_test,B
dc9f8d1bf0_7,new_tutorial_test,B
f406-_d9c6_8,new_tutorial_test,B
75472f6260-d,new_tutorial_test,B
417b_abba336,new_tutorial_test,B
57b441a70f9b,new_tutorial_test,B
3649823c571d,new_tutorial_test,B
0c8-6d33f951,new_tutorial_test,B
dab1a4fc_8d0,new_tutorial_test,B
-a705482811a,new_tutorial_test,B
a9-aa39a-__-,new_tutorial_test,B
7b4-5c4f559b,new_tutorial_test,B
25b5cad26abc,new_tutorial_test,B
2c7a_ff0882d,new_tutorial_test,B
5f8573-72_3-,new_tutorial_test,B
f8100310f331,new_tutorial_test,B
caac_6a10854,new_tutorial_test,B
_51d66c5a_3f,new_tutorial_test,B
7d-36_d6fbf2,new_tutorial_test,B
a62414483_9c,new_tutorial_test,B
65a3961f208a,new_tutorial_test,B
f6c02603_f43,new_tutorial_test,B
f1c6-65a4d8b,new_tutorial_test,B
1d381fdf0b37,new_tutorial_test,B
7d-dd147_aa3,new_tutorial_test,B
6db9-872b7-1,new_tutorial_test,B
d6-26628a652,new_tutorial_test,B
639b5a1f8961,new_tutorial_test,B
4f83df5_6f_7,new_tutorial_test,B
39-d267_2-58,new_tutorial_test,B
bfa7_38b00_2,new_tutorial_test,B
b--786080_d4,new_tutorial_test,B
91__72c3d-66,new_tutorial_test,B
0976_dc06957,new_tutorial_test,B
b9df58__00fd,new_tutorial_test,B
43260c1a5--1,new_tutorial_test,B
--f30-205a95,new_tutorial_test,B
8-12dadc98b2,new_tutorial_test,B
2b2728_d4_d1,new_tutorial_test,B
2939a-f84b85,new_tutorial_test,B
b8b2c9_854dc,new_tutorial_test,B
fca6a-3a24_7,new_tutorial_test,B
691_7a9c8a6f,new_tutorial_test,B
9758bf46f-b9,new_tutorial_test,B
_754-1_d3_09,new_tutorial_test,B
_537b1ab8911,new_tutorial_test,B
0cdd_16c2a0f,new_tutorial_test,B
a21a7967c5b7,new_tutorial_test,B
d2_5c5959a58,new_tutorial_test,B
56946-28f8d3,new_tutorial_test,B
7dc_525b0d37,new_tutorial_test,B
6c16f8-_5d-9,new_tutorial_test,B
16b3_7f278f7,new_tutorial_test,B
2c5584ccf396,new_tutorial_test,B
1556327237d4,new_tutorial_test,B
99cf632-42b7,new_tutorial_test,B
_791365f399a,new_tutorial_test,B
3a9610cf43_4,new_tutorial_test,B
8ab68c_-8cf9,new_tutorial_test,B
946c1c1_c1d6,new_tutorial_test,B
c3104-c30361,new_tutorial_test,B
0fc1251-39b8,new_tutorial_test,B
2cd-692--cb7,new_tutorial_test,B
8415-d-ad9d_,new_tutorial_test,B
31_97-bfbffd,new_tutorial_test,B
8-42adfdb050,new_tutorial_test,B
0d6c75-92f91,new_tutorial_test,B
-22c8d-199d7,new_tutorial_test,B
3d58606585-c,new_tutorial_test,B
5d06d-f68ab1,new_tutorial_test,B
a5bfd7f01-dc,new_tutorial_test,B
314f693-bb96,new_tutorial_test,B
cd5-dfc-5-64,new_tutorial_test,B
8fdb1845cfb5,new_tutorial_test,B
0fd110fc8384,new_tutorial_test,B
4d84600d_b_a,new_tutorial_test,B
7c5f1667_7fa,new_tutorial_test,B
5ba-_2dfa-2_,new_tutorial_test,B
73_d01_d420-,new_tutorial_test,B
cd909b0_523-,new_tutorial_test,B
2afa1339dc1_,new_tutorial_test,B
d1510c_d2b45,new_tutorial_test,B
a73a19b0b8b9,new_tutorial_test,B
5fbc5-d03ab7,new_tutorial_test,B
_bd9d_8_a2fc,new_tutorial_test,B
41-b29cb3a0_,new_tutorial_test,B
4d7f06c5589a,new_tutorial_test,B
7_8d7c_fff81,new_tutorial_test,B
6f7b_7c_894a,new_tutorial_test,B
5469c_44c9c0,new_tutorial_test,B
034-78_cb701,new_tutorial_test,B
bacc88938a58,new_tutorial_test,B
af35d_f7f_9f,new_tutorial_test,B
c4060c76f74d,new_tutorial_test,B
d4ca871-c16f,new_tutorial_test,B
1103_102049_,new_tutorial_test,B
b135456822da,new_tutorial_test,B
3337a8_7930f,new_tutorial_test,B
51ddaf_8a6-6,new_tutorial_test,B
b__f_6b-_-92,new_tutorial_test,B
-a3d6976a48c,new_tutorial_test,B
5c84ddc95a88,new_tutorial_test,B
0_8ab-b1_9a5,new_tutorial_test,B
727d4-944669,new_tutorial_test,B
0_082a92b341,new_tutorial_test,B
4003__348201,new_tutorial_test,B
d3b1-ff8f2d5,new_tutorial_test,B
a440d5a_3c85,new_tutorial_test,B
9-b-89120051,new_tutorial_test,B
781dd_130c08,new_tutorial_test,B
1af--_18_f02,new_tutorial_test,B
4df8545_1585,new_tutorial_test,B
c6_3c68fbd_8,new_tutorial_test,B
6_64cb-dca14,new_tutorial_test,B
f_--_8f9fcf8,new_tutorial_test,B
0-647dcf52d_,new_tutorial_test,B
942405425_d_,new_tutorial_test,B
12f54fc9cbb6,new_tutorial_test,B
8c9a4_6d2--b,new_tutorial_test,B
a65098_61502,new_tutorial_test,B
a09d3_0d8bc_,new_tutorial_test,B
059a7ff6dda_,new_tutorial_test,B
f9ccd4a268_a,new_tutorial_test,B
a-607-340d99,new_tutorial_test,B
d99b58_8ad1b,new_tutorial_test,B
215a_6b59254,new_tutorial_test,B
fa0ba43d79f0,new_tutorial_test,B
5cac9-d0c8b1,new_tutorial_test,B
8-6831b4150_,new_tutorial_test,B
3_50b9_42ccd,new_tutorial_test,B
7-f00fd9153-,new_tutorial_test,B
5cba695bc46f,new_tutorial_test,B
8f16fa90c7_b,new_tutorial_test,B
34963612a08-,new_tutorial_test,B
b6685f016d_-,new_tutorial_test,B
f1219acb7d20,new_tutorial_test,B
5f0c87f58398,new_tutorial_test,B
6_383b6_b472,new_tutorial_test,B
fc22781a-571,new_tutorial_test,B
3ff390106_08,new_tutorial_test,B
d73-016a609b,new_tutorial_test,B
4792f68fc5c5,new_tutorial_test,B
48-b351d9d83,new_tutorial_test,B
-66763_5a896,new_tutorial_test,B
7d5f1659_2f_,new_tutorial_test,B
_c995c6ad3_3,new_tutorial_test,B
11261262-9a8,new_tutorial_test,B
-9d60a3_9bcc,new_tutorial_test,B
38d7dab59d41,new_tutorial_test,B
dbc0d80-8527,new_tutorial_test,B
6120131a86d_,new_tutorial_test,B
df9fb-4b-0cd,new_tutorial_test,B
_c3820-cc149,new_tutorial_test,B
5d599-_bc-aa,new_tutorial_test,B
299bd7646791,new_tutorial_test,B
3960402cb7cc,new_tutorial_test,B
8_7-1a08db_3,new_tutorial_test,B
4-0a8aaf80d3,new_tutorial_test,B
12-5_8_027-5,new_tutorial_test,B
3f3f95-__3-0,new_tutorial_test,B
__870--9452f,new_tutorial_test,B
df8bfa-71055,new_tutorial_test,B
c3d_020c8_ba,new_tutorial_test,B
2_f4b9fc0-15,new_tutorial_test,B
9c449b29_0d-,new_tutorial_test,B
d-32c--3a1-c,new_tutorial_test,B
16-1bd-7f4d9,new_tutorial_test,B
---ac99563-c,new_tutorial_test,B
961ab93fd4cc,new_tutorial_test,B
8cf4416f9d59,new_tutorial_test,B
_-0c60_f7791,new_tutorial_test,B
-d7a747b2291,new_tutorial_test,B
1d952a3d892d,new_tutorial_test,B
f537--09959-,new_tutorial_test,B
cc-dc9885c6c,new_tutorial_test,B
8b62c-08_9-c,new_tutorial_test,B
4_f496-ab975,new_tutorial_test,B
0_40b36-5449,new_tutorial_test,B
82b290_d5f3c,new_tutorial_test,B
9b6fb6927c67,new_tutorial_test,B
7388c830299d,new_tutorial_test,B
c6302f1-f11-,new_tutorial_test,B
3_2c75908c8-,new_tutorial_test,B
0-a7_21_a7f-,new_tutorial_test,B
30aa418b8404,new_tutorial_test,B
1180c58a301_,new_tutorial_test,B
11_921-f-345,new_tutorial_test,B
4b-603_2a013,new_tutorial_test,B
fb57a-f61175,new_tutorial_test,B
5a08_576f352,new_tutorial_test,B
_c903f3f5f9_,new_tutorial_test,B
9378330a6324,new_tutorial_test,B
-05c6-4045_d,new_tutorial_test,B
7363a_5b31d1,new_tutorial_test,B
045-54_a6467,new_tutorial_test,B
0-6f2fa856-b,new_tutorial_test,B
abc2a684f66c,new_tutorial_test,B
ca65f99ad017,new_tutorial_test,B
fa5911df4121,new_tutorial_test,B
483dfc4482aa,new_tutorial_test,B
79184-_c_f48,new_tutorial_test,B
9cf9b_ca7f4_,new_tutorial_test,B
f64c_4306a2b,new_tutorial_test,B
7d29_2209770,new_tutorial_test,B
b_bf9-8a98b8,new_tutorial_test,B
f3d1a9255687,new_tutorial_test,B
b8-b71d45041,new_tutorial_test,B
d032b08_0757,new_tutorial_test,B
434c1-2201f3,new_tutorial_test,B
0a7f_60d374c,new_tutorial_test,B
115a0c80538-,new_tutorial_test,B
4749493c35-7,new_tutorial_test,B
da2a4475f106,new_tutorial_test,B
aaadbdb2cd1b,new_tutorial_test,B
8-175485d_a9,new_tutorial_test,B
_f_d_-367466,new_tutorial_test,B
d65df10cf0__,new_tutorial_test,B
700676b6_266,new_tutorial_test,B
3_0_950_b134,new_tutorial_test,B
9ca27b-dbd7c,new_tutorial_test,B
1616d2658c78,new_tutorial_test,B
74aa40c5b88a,new_tutorial_test,B
ff1_664910_a,new_tutorial_test,B
723d6f-51c08,new_tutorial_test,B
-b9b-a9c36d7,new_tutorial_test,B
-29958_ba334,new_tutorial_test,B
798-b_-707bd,new_tutorial_test,B
c25cc2fc173-,new_tutorial_test,B
436a_446fc9d,new_tutorial_test,B
a6aa7474_435,new_tutorial_test,B
16f-_91a466_,new_tutorial_test,B
393d6b961d7d,new_tutorial_test,B
dc71d_3f6c1c,new_tutorial_test,B
56808907b29-,new_tutorial_test,B
4d3903-ac1a7,new_tutorial_test,B
5-_76--_d-87,new_tutorial_test,B
5dd5b_242b7c,new_tutorial_test,B
_121266-14_a,new_tutorial_test,B
2f3d_f47bb2a,new_tutorial_test,B
b7617_720a5-,new_tutorial_test,B
526809719503,new_tutorial_test,B
7a1460591759,new_tutorial_test,B
a494c939ad8f,new_tutorial_test,B
54_4-68a_79_,new_tutorial_test,B
4c0491aabbd9,new_tutorial_test,B
b2f2824fa71b,new_tutorial_test,B
715b75b33551,new_tutorial_test,B
cc570cd42f2b,new_tutorial_test,B
260c09a42d01,new_tutorial_test,B
3d31bf3663a7,new_tutorial_test,B
b94_c_1d784c,new_tutorial_test,B
d_d_19_9f6_c,new_tutorial_test,B
a024b06d2c77,new_tutorial_test,B
2a9380df2f3_,new_tutorial_test,B
4a0d5-a_8__8,new_tutorial_test,B
21_9a21b5bc8,new_tutorial_test,B
0c-a29a813f1,new_tutorial_test,B
18_0-1c850_6,new_tutorial_test,B
-7013-8f98_7,new_tutorial_test,B
-c8571553ff0,new_tutorial_test,B
8fbc857775aa,new_tutorial_test,B
1ca-f4-ddfa4,new_tutorial_test,B
6d3-5_7c00-9,new_tutorial_test,B
d18056b_1448,new_tutorial_test,B
83_b177f_ac9,new_tutorial_test,B
8__d9d07_-58,new_tutorial_test,B
_09ffd76_a1f,new_tutorial_test,B
7d938aaa3dbb,new_tutorial_test,B
f5-37d-5082b,new_tutorial_test,B
-80c6938001-,new_tutorial_test,B
5bb-f7d-062_,new_tutorial_test,B
f92649500d7f,new_tutorial_test,B
_7a5694a9cf5,new_tutorial_test,B
0af5-bfa88dc,new_tutorial_test,B
c-44272cd97d,new_tutorial_test,B
f566_7907790,new_tutorial_test,B
_9354178145_,new_tutorial_test,B
41f300f1c97c,new_tutorial_test,B
27869a69dcf4,new_tutorial_test,B
_0b4_4_560a6,new_tutorial_test,B
5710f342c86d,new_tutorial_test,B
f14bbba0a8bc,new_tutorial_test,B
d94_859a5211,new_tutorial_test,B
_57c75_6f656,new_tutorial_test,B
-81f4b87a121,new_tutorial_test,B
4974_c539ad1,new_tutorial_test,B
0c_92-c5f500,new_tutorial_test,B
7479dcf5c466,new_tutorial_test,B
9d7bd-7c-121,new_tutorial_test,B
_9a5f_d6b309,new_tutorial_test,B
c322bf2cf0a6,new_tutorial_test,B
88c323c78374,new_tutorial_test,B
1f4693c-7b51,new_tutorial_test,B
8731683b3190,new_tutorial_test,B
dd10a9b5533f,new_tutorial_test,B
806b3b15f_9-,new_tutorial_test,B
349a-c95df8_,new_tutorial_test,B
cb7221-01bf8,new_tutorial_test,B
5d3a-581c440,new_tutorial_test,B
_96c424_d19_,new_tutorial_test,B
f3467-4b781c,new_tutorial_test,B
d5__8bc-56f4,new_tutorial_test,B
5bb8-875_9d-,new_tutorial_test,B
f2c5d34547a5,new_tutorial_test,B
5f1c58d800_2,new_tutorial_test,B
93_db7-1c1_0,new_tutorial_test,B
3-1c06ab5-0b,new_tutorial_test,B
14c57aa85a_d,new_tutorial_test,B
fb-3350c906a,new_tutorial_test,B
b74_d-28_125,new_tutorial_test,B
_d23fd498dd9,new_tutorial_test,B
89_23756a286,new_tutorial_test,B
49552c27ff6-,new_tutorial_test,B
__f1d8bddbc1,new_tutorial_test,B
cd4c4118b1-2,new_tutorial_test,B
-f6879-d4f87,new_tutorial_test,B
08d59f4-6ab-,new_tutorial_test,B
43aa815--dc9,new_tutorial_test,B
037-f_a_-393,new_tutorial_test,B
3c9b_13afd01,new_tutorial_test,B
518170fa-80c,new_tutorial_test,B
fc598ccd732_,new_tutorial_test,B
f426d9d149c0,new_tutorial_test,B
_6814-496d-7,new_tutorial_test,B
22ac78df92b_,new_tutorial_test,B
89ad82b73638,new_tutorial_test,B
8cc4943bcd8f,new_tutorial_test,B
c717cf061_fc,new_tutorial_test,B
83653f4166-9,new_tutorial_test,B
08d8df934c-6,new_tutorial_test,B
062f__d5535c,new_tutorial_test,B
a2674005bda6,new_tutorial_test,B
a_16-f-55b_2,new_tutorial_test,B
5b2ca99fadf5,new_tutorial_test,B
-3a70f060958,new_tutorial_test,B
-a356f1-_8_0,new_tutorial_test,B
0d58a_2_bca9,new_tutorial_test,B
5911987-2d_7,new_tutorial_test,B
6a4_80c-b7bb,new_tutorial_test,B
c97590a6a9f_,new_tutorial_test,B
f81a8b6f1_76,new_tutorial_test,B
-b124902429c,new_tutorial_test,B
_53a76ddd93d,new_tutorial_test,B
346c75cd11c3,new_tutorial_test,B
c931-a__b5_7,new_tutorial_test,B
fa6998c6f17_,new_tutorial_test,B
a20cf-339c51,new_tutorial_test,B
9c5a32_a1c79,new_tutorial_test,B
d3a1b0fb8c19,new_tutorial_test,B
bdf873b17b1a,new_tutorial_test,B
f45a518ada63,new_tutorial_test,B
cf7153380-_a,new_tutorial_test,B
2b-a8367-687,new_tutorial_test,B
68cc9ac61111,new_tutorial_test,B
282_8-_7f63-,new_tutorial_test,B
76_cbad_d27b,new_tutorial_test,B
9a4_9a3279_7,new_tutorial_test,B
52-234_c508-,new_tutorial_test,B
2434f-2-730a,new_tutorial_test,B
3986059799_a,new_tutorial_test,B
5f7974--0bb0,new_tutorial_test,B
731c25434_bf,new_tutorial_test,B
96_4bd8b1d14,new_tutorial_test,B
1f9_802cbdc5,new_tutorial_test,B
9da-c5_98f8a,new_tutorial_test,B
48d0458-3991,new_tutorial_test,B
d2776987900a,new_tutorial_test,B
-0dcac_07640,new_tutorial_test,B
-d-21d566214,new_tutorial_test,B
70f99-_5dc1-,new_tutorial_test,B
4f7a65_5a_34,new_tutorial_test,B
d697a2226d39,new_tutorial_test,B
_275_51da5_6,new_tutorial_test,B
21-76b12b152,new_tutorial_test,B
73209675d_48,new_tutorial_test,B
a3201f26696f,new_tutorial_test,B
91c420b196-1,new_tutorial_test,B
19d38f7f4a_1,new_tutorial_test,B
a2d00fd3-8a-,new_tutorial_test,B
86f478b3af0-,new_tutorial_test,B
_08416565a50,new_tutorial_test,B
8a_02f5-_362,new_tutorial_test,B
db446_1_380b,new_tutorial_test,B
f46f0b119--0,new_tutorial_test,B
57dd7148_3f2,new_tutorial_test,B
152b2-0b2c76,new_tutorial_test,B
b44a16020106,new_tutorial_test,B
-19d96a--d1_,new_tutorial_test,B
753-6_9b90_2,new_tutorial_test,B
_25557-__fc9,new_tutorial_test,B
baaa4b63c4a8,new_tutorial_test,B
11-6c7d_607-,new_tutorial_test,B
45710ba45c95,new_tutorial_test,B
0ff1f0692_75,new_tutorial_test,B
50301f6689-f,new_tutorial_test,B
c0b02a_925_1,new_tutorial_test,B
_aa24f3b8-b0,new_tutorial_test,B
df5458da9f65,new_tutorial_test,B
62f816bf3122,new_tutorial_test,B
894586814-aa,new_tutorial_test,B
c_9-345c_985,new_tutorial_test,B
180c9_fb3c1d,new_tutorial_test,B
80d-3445883a,new_tutorial_test,B
26161642-9-f,new_tutorial_test,B
6-351c506f39,new_tutorial_test,B
f25471-af46f,new_tutorial_test,B
a-80429f076a,new_tutorial_test,B
af69b4541126,new_tutorial_test,B
5-1d906604a2,new_tutorial_test,B
db5106b_dcb3,new_tutorial_test,B
16bb-9-04090,new_tutorial_test,B
dbb3f365dbc6,new_tutorial_test,B
4f96b_02b922,new_tutorial_test,B
0a7-883d_911,new_tutorial_test,B
1c7382335508,new_tutorial_test,B
122-b2754-5c,new_tutorial_test,B
395288c0860_,new_tutorial_test,B
_b6c3bd10808,new_tutorial_test,B
df87-b3725_a,new_tutorial_test,B
9d6_175bcb0f,new_tutorial_test,B
_3f_0d6606d_,new_tutorial_test,B
6a-4-8cd4f1_,new_tutorial_test,B
80_098368010,new_tutorial_test,B
56f14669d993,new_tutorial_test,B
c316f939c84f,new_tutorial_test,B
f6300241d430,new_tutorial_test,B
_90d10__5f16,new_tutorial_test,B
-815f0ac005a,new_tutorial_test,B
3d0f078_d3_b,new_tutorial_test,B
2c36bff62f1_,new_tutorial_test,B
5031299168_c,new_tutorial_test,B
47f559ab_0cc,new_tutorial_test,B
a34_9_44b5b7,new_tutorial_test,B
-a2fa_0a24b9,new_tutorial_test,B
562c503f7929,new_tutorial_test,B
05_bd6b5_204,new_tutorial_test,B
acd69-359103,new_tutorial_test,B
db4634-9682a,new_tutorial_test,B
b514bd99c35_,new_tutorial_test,B
95c0c7_a9602,new_tutorial_test,B
213_0f9016bb,new_tutorial_test,B
347474-f7f0-,new_tutorial_test,B
b2924b792_1d,new_tutorial_test,B
a1__ff849bda,new_tutorial_test,B
7f044c6c5cb0,new_tutorial_test,B
09f7--5c925d,new_tutorial_test,B
1c6-ff7_-2-a,new_tutorial_test,B
f99a407830a2,new_tutorial_test,B
9_40-956625b,new_tutorial_test,B
b398a70_b66f,new_tutorial_test,B
053dcbbf4b1-,new_tutorial_test,B
0f_bd5680349,new_tutorial_test,B
_a09918dc1-b,new_tutorial_test,B
d2bc10a-36fd,new_tutorial_test,B
978-d214357d,new_tutorial_test,B
_2480709a7-1,new_tutorial_test,B
--2_bc22_08a,new_tutorial_test,B
1_6d2-_b86a6,new_tutorial_test,B
1cf-2_b09c50,new_tutorial_test,B
517c4b37791-,new_tutorial_test,B
85c491465b86,new_tutorial_test,B
62dd310-f695,new_tutorial_test,B
426f7db919b3,new_tutorial_test,B
085-701-6db4,new_tutorial_test,B
bc_a449-dc0b,new_tutorial_test,B
9515d85b_18a,new_tutorial_test,B
a9669793d19f,new_tutorial_test,B
35-bdda08dc1,new_tutorial_test,B
ac7121-b_fb8,new_tutorial_test,B
_0971f98288-,new_tutorial_test,B
70-5765a4-bb,new_tutorial_test,B
d_-ccb_43cd1,new_tutorial_test,B
a_5777c_-289,new_tutorial_test,B
d8a-14a2-85f,new_tutorial_test,B
7424_3905b__,new_tutorial_test,B
3853-947cc17,new_tutorial_test,B
8-_73cb-65b6,new_tutorial_test,B
a_69--4f7caa,new_tutorial_test,B
0c11411-4c10,new_tutorial_test,B
6cad675028a6,new_tutorial_test,B
fc535f3083c8,new_tutorial_test,B
323c483-fda0,new_tutorial_test,B
6_df5bba798d,new_tutorial_test,B
6_79905-29b-,new_tutorial_test,B
bb01f-6a_1cb,new_tutorial_test,B
503c_-763f5c,new_tutorial_test,B
25670a3-ba2c,new_tutorial_test,B
7c11c5d13280,new_tutorial_test,B
77_74d7228b5,new_tutorial_test,B
94-bc2838d7b,new_tutorial_test,B
7d91_f677f1d,new_tutorial_test,B
5769023_3-dd,new_tutorial_test,B
f939c911_040,new_tutorial_test,B
dac6-27fbbf7,new_tutorial_test,B
81-f6f0da3df,new_tutorial_test,B
d34f55bcc414,new_tutorial_test,B
037428d46461,new_tutorial_test,B
-b35dfa8b72a,new_tutorial_test,B
d11ac3a-f5_7,new_tutorial_test,B
9808772f9520,new_tutorial_test,B
d7-b-__4620c,new_tutorial_test,B
f3_fa1a950f6,new_tutorial_test,B
0ba01d_acad7,new_tutorial_test,B
4f5_55db6a0a,new_tutorial_test,B
_64056c876f5,new_tutorial_test,B
39a9_-529b_4,new_tutorial_test,B
0513a5ab5523,new_tutorial_test,B
8304_728ac-2,new_tutorial_test,B
2_b4ca01c7bd,new_tutorial_test,B
f1a0-2_68-cd,new_tutorial_test,B
a2566aa_41bc,new_tutorial_test,B
b880836-659d,new_tutorial_test,B
-9_553-54-4d,new_tutorial_test,B
a4467689fc06,new_tutorial_test,B
0a07_893cfaf,new_tutorial_test,B
7209faaf-b6c,new_tutorial_test,B
12__1ad-fd69,new_tutorial_test,B
_f2b276d0845,new_tutorial_test,B
15551869db53,new_tutorial_test,B
3_fb80-91085,new_tutorial_test,B
f8c7c8d_-afc,new_tutorial_test,B
372f158-9439,new_tutorial_test,B
a27fdb6aa0f3,new_tutorial_test,B
_b717b_2_6-_,new_tutorial_test,B
-11fb21_5_5c,new_tutorial_test,B
305-93733c82,new_tutorial_test,B
fc-_--7-fa9b,new_tutorial_test,B
56a9_2481_21,new_tutorial_test,B
700c70b799-5,new_tutorial_test,B
ff7c42_0-6b6,new_tutorial_test,B
ff7cc2c-9a87,new_tutorial_test,B
7d77-22d280a,new_tutorial_test,B
b-537bf87b79,new_tutorial_test,B
fcb856_f2695,new_tutorial_test,B
460c8-20_430,new_tutorial_test,B
fab2_-c3_769,new_tutorial_test,B
9d1a889d-091,new_tutorial_test,B
569--86f_950,new_tutorial_test,B
554bc6-3bb0_,new_tutorial_test,B
d28-d886-f_d,new_tutorial_test,B
da604_1d3bad,new_tutorial_test,B
838a11f198-0,new_tutorial_test,B
f-2666_c2-1c,new_tutorial_test,B
8a89-57c7ab2,new_tutorial_test,B
-a3b95d5fb16,new_tutorial_test,B
6b8592277f2a,new_tutorial_test,B
_8d9836b267-,new_tutorial_test,B
-67-8712f683,new_tutorial_test,B
11c28f98-5-0,new_tutorial_test,B
481_37-8_-a1,new_tutorial_test,B
bda2c33d125_,new_tutorial_test,B
6d494_b52d8_,new_tutorial_test,B
097679--05bb,new_tutorial_test,B
a-1bc4243bd1,new_tutorial_test,B
67_111d04_a_,new_tutorial_test,B
653838b0-847,new_tutorial_test,B
-52b69-02-a1,new_tutorial_test,B
9acc6__7291b,new_tutorial_test,B
94736-8105bf,new_tutorial_test,B
6631645a48a7,new_tutorial_test,B
3d2bf2_d_dad,new_tutorial_test,B
d7cf91a193b7,new_tutorial_test,B
a2753-73fbb1,new_tutorial_test,B
ab0f28_6-577,new_tutorial_test,B
9-2dfb9fb-d0,new_tutorial_test,B
ca37bb3d2526,new_tutorial_test,B
cf262d20cc65,new_tutorial_test,B
6_0dff878136,new_tutorial_test,B
688__c9a9-78,new_tutorial_test,B
1380_d27df5-,new_tutorial_test,B
6-30b72bd79a,new_tutorial_test,B
43f1da7f0cd1,new_tutorial_test,B
12d5a978_-58,new_tutorial_test,B
adc_d45__29d,new_tutorial_test,B
7d9d4_98216c,new_tutorial_test,B
22af6c55d8_5,new_tutorial_test,B
fc15013af689,new_tutorial_test,B
_0f19_92f7b9,new_tutorial_test,B
dd728b948795,new_tutorial_test,B
f6-b_777_946,new_tutorial_test,B
936a_b8b-038,new_tutorial_test,B
849--d_5-8_6,new_tutorial_test,B
249453f26-_4,new_tutorial_test,B
27db244067b1,new_tutorial_test,B
_34b51d8bf76,new_tutorial_test,B
f1af7f05-975,new_tutorial_test,B
2_5817426118,new_tutorial_test,B
c04f2293d_0-,new_tutorial_test,B
3fd017714146,new_tutorial_test,B
068122c7cb96,new_tutorial_test,B
a367f2b48bfa,new_tutorial_test,B
afbd8507f_0b,new_tutorial_test,B
8049a83924d4,new_tutorial_test,B
7d1772135f94,new_tutorial_test,B
dbad3-d19301,new_tutorial_test,B
1b-_fb36d451,new_tutorial_test,B
79584-ca5937,new_tutorial_test,B
20_b7aac1768,new_tutorial_test,B
a2_-7ca5915_,new_tutorial_test,B
0_c05_df4fd8,new_tutorial_test,B
dd__fb_d3292,new_tutorial_test,B
-17c4979807-,new_tutorial_test,B
b0c2a1155d-c,new_tutorial_test,B
48b72dd28faf,new_tutorial_test,B
3c9ab_f4a58d,new_tutorial_test,B
2173_4d_fd0a,new_tutorial_test,B
c388d576daa-,new_tutorial_test,B
-1a5559d658-,new_tutorial_test,B
a_fa119b1da2,new_tutorial_test,B
ff65009-3c-8,new_tutorial_test,B
f5ba000a2__f,new_tutorial_test,B
cd__b87931db,new_tutorial_test,B
9a03_75b-a15,new_tutorial_test,B
9641-82b49-3,new_tutorial_test,B
-15f9bc92-3f,new_tutorial_test,B
a8f469-3a9-4,new_tutorial_test,B
dfd-3c_98c14,new_tutorial_test,B
f51130b2d729,new_tutorial_test,B
fdd3230_611-,new_tutorial_test,B
12-a50b-417b,new_tutorial_test,B
2013cd-4f749,new_tutorial_test,B
863-0fb2b202,new_tutorial_test,B
963fc_d5f-_-,new_tutorial_test,B
8b8fbf821b-0,new_tutorial_test,B
2d5-824732bb,new_tutorial_test,B
db3-a12186f-,new_tutorial_test,B
1145-c0a5b14,new_tutorial_test,B
19f-8587ddca,new_tutorial_test,B
b1_-16f8b71d,new_tutorial_test,B
23844ab2f775,new_tutorial_test,B
6835_8cc5250,new_tutorial_test,B
19-a16179-f7,new_tutorial_test,B
5a3a32bc2_15,new_tutorial_test,B
8c17a453008f,new_tutorial_test,B
d4b1-56030fc,new_tutorial_test,B
182cf-3a2_86,new_tutorial_test,B
ad53c2d_c3-8,new_tutorial_test,B
85b_c4397b71,new_tutorial_test,B
25b32d58d_52,new_tutorial_test,B
c805f_99139f,new_tutorial_test,B
_2f_690c4f63,new_tutorial_test,B
39b07b333db0,new_tutorial_test,B
00cd0737622a,new_tutorial_test,B
d86-926537-7,new_tutorial_test,B
c3d32ca-db91,new_tutorial_test,B
7f189d6fc23-,new_tutorial_test,B
b2_093ac16d6,new_tutorial_test,B
_--1f21a39b0,new_tutorial_test,B
0b55066a5_bc,new_tutorial_test,B
70459df51638,new_tutorial_test,B
323f685997bd,new_tutorial_test,B
-7cf77bf3-34,new_tutorial_test,B
7b-69d95b_4b,new_tutorial_test,B
a--0a47aca3d,new_tutorial_test,B
364-c6cc9dcc,new_tutorial_test,B
b--5a5f64756,new_tutorial_test,B
7370450c2958,new_tutorial_test,B
1b59f_8a80bb,new_tutorial_test,B
d85a4225-2b4,new_tutorial_test,B
-2_5-a627289,new_tutorial_test,B
7b2205956013,new_tutorial_test,B
f75bf513b_-1,new_tutorial_test,B
04ffbb5_9af4,new_tutorial_test,B
bbf_f6908509,new_tutorial_test,B
9d_879_a0b93,new_tutorial_test,B
6_d30ba5bc2b,new_tutorial_test,B
52a44c875-4-,new_tutorial_test,B
2ac859bf31a5,new_tutorial_test,B
_0481900032f,new_tutorial_test,B
302_dfdcc800,new_tutorial_test,B
a_742c1c6527,new_tutorial_test,B
38fcba734164,new_tutorial_test,B
8d7a3_-c8a0c,new_tutorial_test,B
73bcaf878373,new_tutorial_test,B
06cc_a1846b3,new_tutorial_test,B
_ff6ab479c27,new_tutorial_test,B
6_32-9b83f8d,new_tutorial_test,B
a09_fada0f86,new_tutorial_test,B
945_f17-_640,new_tutorial_test,B
d_2a7af77313,new_tutorial_test,B
b_b133d1a75f,new_tutorial_test,B
84af-d1405f7,new_tutorial_test,B
b_6_41b09f30,new_tutorial_test,B
45625d79c88a,new_tutorial_test,B
b6_0810f_3f6,new_tutorial_test,B
d9b_7__4f418,new_tutorial_test,B
34ff59-a3f37,new_tutorial_test,B
6dd6fdb1acf8,new_tutorial_test,B
c8b7219bb238,new_tutorial_test,B
b7a_192db644,new_tutorial_test,B
213f19c96867,new_tutorial_test,B
-4-21570f20a,new_tutorial_test,B
_9-12f5--3fc,new_tutorial_test,B
1d5bda72747d,new_tutorial_test,B
2f3_2438d7cd,new_tutorial_test,B
92_25945b_24,new_tutorial_test,B
299c5d75_5b1,new_tutorial_test,B
386546-86c6c,new_tutorial_test,B
0715a2aab9f8,new_tutorial_test,B
-3b1d0c8db99,new_tutorial_test,B
2b8d1587b3c9,new_tutorial_test,B
b1c690408763,new_tutorial_test,B
46a7fd35f8f7,new_tutorial_test,B
969_96b3570a,new_tutorial_test,B
8a98_37--905,new_tutorial_test,B
787f9764d3_4,new_tutorial_test,B
5bc-1b8-1f24,new_tutorial_test,B
14bb1858b35f,new_tutorial_test,B
5_-7f-6_db63,new_tutorial_test,B
a__53-390464,new_tutorial_test,B
_9888_d-185c,new_tutorial_test,B
1cc496c78d-4,new_tutorial_test,B
8a_120c72cdf,new_tutorial_test,B
56ba54588d1d,new_tutorial_test,B
1726dd1_d656,new_tutorial_test,B
a898-283-9b7,new_tutorial_test,B
d851df0c052_,new_tutorial_test,B
5a_9908-5b4-,new_tutorial_test,B
ff5c5563b59f,new_tutorial_test,B
-a8-606b8_82,new_tutorial_test,B
2c6c_30-1cdf,new_tutorial_test,B
b76785139a11,new_tutorial_test,B
abbb69_9c09a,new_tutorial_test,B
6a8_8244c41c,new_tutorial_test,B
68ad58644686,new_tutorial_test,B
5c-c-_3c69ab,new_tutorial_test,B
b660d4862892,new_tutorial_test,B
2_7ba_0f9353,new_tutorial_test,B
05542b6f59ca,new_tutorial_test,B
d059955dc147,new_tutorial_test,B
6b86b366c5a5,new_tutorial_test,B
84-d45158c38,new_tutorial_test,B
097f4_17-8a-,new_tutorial_test,B
0a1c1d302290,new_tutorial_test,B
377967a_682d,new_tutorial_test,B
31a79ab74272,new_tutorial_test,B
9523-0-87b-9,new_tutorial_test,B
9b495867268b,new_tutorial_test,B
41322c825c04,new_tutorial_test,B
dd95__32f4a9,new_tutorial_test,B
-c12994c2497,new_tutorial_test,B
f02-d4ad5353,new_tutorial_test,B
b4bb652250fc,new_tutorial_test,B
c044f420bc-f,new_tutorial_test,B
54_43_4013db,new_tutorial_test,B
2111-_1f40c5,new_tutorial_test,B
b9_6846c_b1d,new_tutorial_test,B
cbc40-__23d2,new_tutorial_test,B
2af7856323-4,new_tutorial_test,B
f6cf0_ba5813,new_tutorial_test,B
-d_dbd50c9fb,new_tutorial_test,B
1c_2f__-_c_b,new_tutorial_test,B
a5f45f75ad90,new_tutorial_test,B
09b115bc179f,new_tutorial_test,B
958a_b3b_ddb,new_tutorial_test,B
_9bb10764ddc,new_tutorial_test,B
fcaa0a5b1-d6,new_tutorial_test,B
591fc67-63b9,new_tutorial_test,B
33624bb886_9,new_tutorial_test,B
49d-35b13854,new_tutorial_test,B
a9f83221f-d8,new_tutorial_test,B
_bdfd9_7166c,new_tutorial_test,B
c1c6_9-f_19a,new_tutorial_test,B
8912_554c8c2,new_tutorial_test,B
9d377571-_9b,new_tutorial_test,B
d8b60fbc-f01,new_tutorial_test,B
a_2f8cbdc87_,new_tutorial_test,B
3_a8174-5bd7,new_tutorial_test,B
3c3a3acd9545,new_tutorial_test,B
-2ff13-71_d_,new_tutorial_test,B
6_-709ad84c4,new_tutorial_test,B
d9dacdd00__f,new_tutorial_test,B
f2_c0340-49c,new_tutorial_test,B
6d717a0d1ff0,new_tutorial_test,B
5b__58c706a2,new_tutorial_test,B
8c0_09c4_58_,new_tutorial_test,B
c698a60f49b5,new_tutorial_test,B
5aa09f42b239,new_tutorial_test,B
0817bbba1a94,new_tutorial_test,B
a6-0-4467489,new_tutorial_test,B
6c8f-72a0fcb,new_tutorial_test,B
_7594c307745,new_tutorial_test,B
0896fa1_2748,new_tutorial_test,B
1029-374-18d,new_tutorial_test,B
00c4741a7ca1,new_tutorial_test,B
aa50bd84dc-3,new_tutorial_test,B
cb_a-c9-937f,new_tutorial_test,B
ba54_0fb7748,new_tutorial_test,B
25dc5932_d28,new_tutorial_test,B
3dcfa5b68821,new_tutorial_test,B
f45a6705fd58,new_tutorial_test,B
282f7cf27628,new_tutorial_test,B
da548a441d78,new_tutorial_test,B
4df97d74a826,new_tutorial_test,B
49-8-d102058,new_tutorial_test,B
8-512dcc03-6,new_tutorial_test,B
a8d991_77f68,new_tutorial_test,B
